tag,category,post_count,aliases,nsfw
lip_fangs,general,3947,,
jack-o&#039;_challenge,general,3938,,
sengoku_musou,copyright,3932,,
feet_together_knees_apart,general,3926,,
mono-eye,general,3896,,
yuigahama_yui&#039;s_mother,character,457,,
demon_costume,general,456,,
giant_hand,general,456,,
platform,general,456,,
wendy_(wendy&#039;s),character,456,,
wrestle_angels_survivor_2,copyright,456,,
yona_(kancolle),character,456,,
black_lingerie,general,455,,
hero_outfit_(mha),general,455,,
bokusatsu_tenshi_dokuro-chan,copyright,454,,
nina_(breath_of_fire_ii),character,454,,
shiraki_rika,character,454,,
tekken_2,copyright,454,,
akershus_fortress_(oshiro_project),character,453,,
sasahara_nonoka,character,397,,
grabbing_neck,general,380,,
heroine_(pokemon_conquest),character,380,,
phantasy_star_portable_2,copyright,380,,
thanatos_(hades),character,380,,
unbuttoning,general,380,,
ando_tazusa,character,379,,
april_o&#039;neil,character,379,,
cow_girl_(goblin_slayer!),character,379,,
obelisk_blue_uniform,general,379,,
orihara_kozue,character,379,,
shamsiel_shahar,character,379,,
sticker_on_arm,general,379,,
holydramon,character,378,,
irisviel_von_einzbern_(angel&#039;s_song),character,378,,
makiatto_(girls&#039;_frontline_2),character,378,,
shiki_(samurai_spirits),character,378,,
sky_high_(tiger_&amp;_bunny),character,378,,
treadmill,general,378,,
unworn_underwear,general,378,,
aoki_yuriko,character,377,,
ayanokouji_rem,character,377,,
daughter_(yoru_mac),character,377,,
furinji_miu,character,377,,
pact_holder,general,377,,
snowgrave_route_(deltarune),general,377,,
buruma_around_leg,general,376,,
kiryuu_miya,character,376,,
lieri_bishop,character,376,,
papika_(flip_flappers),character,376,,
penis_comparison,general,376,,
putting_on_shoes,general,376,,
shirt_hold,general,376,,
banjo-kazooie,copyright,375,,
bishamonten&#039;s_spear,general,375,,
cool_&amp;_sexy_(idolmaster),general,375,,
daiei_motion_picture,copyright,375,,
diagonal-striped_shirt,general,375,,
kiriha_(tsugumomo),character,375,,
klonoa_(series),copyright,375,,
mashou_no_nie_3,copyright,375,,
miss_spencer_(cosplay),general,375,,
noel_(tsukihime),character,375,,
sleeveless_jumpsuit,general,375,,
artist_cg,general,374,,
black_bike_shorts,general,374,,
canon_genderswap,general,374,,
caspar_von_bergliez,character,374,,
donut_box,general,374,,
grope_from_behind,general,374,,
hmx-12,character,374,,
manaka_ao,character,374,,
marinangemon,character,374,,
nene_(sengoku_musou),character,374,,
rita_rossweisse_(umbral_rose),character,374,,
rosado_(fire_emblem),character,374,,
carrying_overhead,general,373,,
cosplay_alien,copyright,373,,
cyberagent,copyright,373,,
metera_(granblue_fantasy),character,373,,
nate_mitotsudaira,character,373,,
seven_great_demon_lords,general,373,,
tomotake_yoshino,character,373,,
boryeon_(last_origin),character,372,,
brendan_(pokemon_oras),character,372,,
climbing_ladder,general,372,,
kousaka_shigure,character,372,,
lee_shaochung,character,372,,
m4a1_(mod3)_(girls&#039;_frontline),character,372,,
motto!_haramase!_honoo_no_oppai_isekai_chou_ero:_succubus_gakuen,copyright,372,,
okita_kyouko,character,372,,
vivid_strike!,copyright,372,,
beast_pirates_uniform,general,371,,
beelzebumon_blast_mode,character,371,,
ekaterina_kurae,character,371,,
flower_in_braid,general,371,,
grabbing_another&#039;s_dress,general,371,,
kamimura_akiko,character,371,,
nathy,character,371,,
okusan,copyright,371,,
sakaki_yumiko,character,371,,
transparent_coat,general,371,,
yashio_kaito,character,371,,
chasca_(genshin_impact),character,370,,
clawed_feet,general,370,,
koujiro_frau,character,370,,
lilo_&amp;_stitch,copyright,370,,
miyashiro_takuru,character,370,,
monster_hunter_3,copyright,370,,
nipple_pasties,general,370,,
paper_hat,general,370,,
popy,character,370,,
bandages_around_chest,general,369,,
doki_doki_little_ooya-san,copyright,369,,
ellis_xillia,character,369,,
golden_eyes,general,369,,
gravure_idol,general,369,,
kamen_rider_zi-o_(series),copyright,369,,
ninja_(final_fantasy),character,369,,
the_evil_within,copyright,369,,
washing_back,general,369,,
biting_another&#039;s_head,general,368,,
eris_(asobi_ni_iku_yo!),character,368,,
gegege_no_kitarou_6,copyright,368,,
iijima_yun,character,368,,
majin_label,copyright,368,,
maria_tachibana,character,368,,
mouth_stuffed,general,368,,
rokka_no_yuusha,copyright,368,,
youkai_watch_2,copyright,368,,
gridman_(ssss),character,367,,
hair_tied_back,general,367,,
head_biting,general,367,,
hirume_of_heavenly_incense,character,367,,
mahou_shoujo_lyrical_nanoha_the_movie_2nd_a&#039;s,copyright,367,,
baby&#039;s-breath,general,366,,
bellows_(suisei_no_gargantia),character,366,,
boyfriend_(friday_night_funkin&#039;),character,366,,
moritaka_(housamo),character,366,,
necktie_around_wrists,general,366,,
porno_dianno,character,366,,
toujou_basara,character,366,,
yamawaki_bon_ivar,character,366,,
zaraki_kenpachi,character,366,,
hugging_another&#039;s_tail,general,365,,
nephenee_(fire_emblem),character,365,,
red_riding_hood_(sinoalice),character,365,,
against_rock,general,364,,
carina_(one_piece),character,364,,
hoshino_aki,character,364,,
m950a_(girls&#039;_frontline),character,364,,
milia,character,364,,
nami_(one_piece)_(onigashima),character,364,,
nikukyun_ongaeshi,copyright,364,,
rana_(queen&#039;s_blade),character,364,,
tejina_senpai,character,364,,
adachi_tenka,character,363,,
atlurkabuterimon_(red),character,363,,
chousokabe_motochika_(sengoku_basara),character,363,,
devil_summoner:_soul_hackers,copyright,363,,
overpass,general,363,,
pegasus_seiya,character,363,,
sayama_chie,character,363,,
takatsuki_ichika,character,363,,
traced,general,363,,
tsuwabuki_high_school_uniform,general,363,,
velina_airgid,character,363,,
annelotte,character,362,,
invisible_woman_(fantastic_four),character,362,,
l_(pokemon),character,362,,
mesu_kyoushi_3,copyright,362,,
swordsoul_(yu-gi-oh!),character,362,,
tierna_aeride_throne,character,362,,
white_swim_trunks,general,362,,
badeni,character,361,,
claire_harvey,character,361,,
harmony&#039;s_clownfish_(splatoon),character,361,,
hibiki_works,copyright,361,,
minase_yukiko,character,361,,
nurse_(silent_hill_2),character,361,,
ppk_(girls&#039;_frontline),character,361,,
qu_(nursery_slime),character,361,,
sakurai_akane_(girlfriend_(kari)),character,361,,
anti-materiel_cartridge,general,360,,
cho-hakkaimon,character,360,,
dixie_kong,character,360,,
fubuki_(spring)_(kancolle),character,360,,
hellhound_(monster_girl_encyclopedia),character,360,,
kanzaki_aoi_(kimetsu_no_yaiba),character,360,,
magic_mirror_(grimms_notes),character,360,,
multicolored_male_swimwear,general,360,,
rin_(inuyasha),character,360,,
sparrowmon,character,360,,
tail_around_another&#039;s_leg,general,360,,
translucent_coat,general,360,,
yuki_nae,character,360,,
ace_attorney_investigations_2:_prosecutor&#039;s_gambit,copyright,359,,
bravern,character,359,,
hands_on_another&#039;s_leg,general,359,,
high-explosive_anti-tank_(warhead),general,359,,
michishio_kai_ni_(kancolle),character,359,,
stellar_loussier,character,359,,
tsutsumi_kaina,character,359,,
alex_winger,character,358,,
hoozuki_suigetsu,character,358,,
mirae_(closers),character,358,,
nekone_(utawarerumono),character,358,,
ororo_munroe,character,358,,
ugly_male,general,358,,
yamanaka_inojin,character,358,,
aoi_sena,character,357,,
azure_striker_gunvolt_3,copyright,357,,
captain_liliana_(cosplay),general,357,,
charlotte_hazellink,character,357,,
izmir,character,357,,
queen_of_hatred,character,357,,
velvet_(odin_sphere),character,357,,
doujinshi_1,general,356,,
family_hierarch_candidate_(identity)_(project_moon),general,356,,
faux_photograph,general,356,,
hand_on_own_ankle,general,356,,
kazuha&#039;s_friend_(genshin_impact),character,356,,
mahou_tsukai_no_yome,copyright,356,,
metal_fight_beyblade,copyright,356,,
naruse_maria,character,356,,
poromon,character,356,,
presenting_another&#039;s_body,general,356,,
slug_girl,general,356,,
walking_pet,general,356,,
ane_to_boin,copyright,355,,
dick-o-meter,general,355,,
exiled_warrior_leina,character,355,,
legend_of_queen_opala,copyright,355,,
melpha,character,355,,
milk_junkies,copyright,355,,
muse_(amaburi),character,355,,
nier_(brother)_(post_timeskip),character,355,,
photo_comparison,general,355,,
sarutobi_asuma,character,355,,
single_robot_leg,general,355,,
thunder_(girls&#039;_frontline),character,355,,
utsumi_shou,character,355,,
hand_on_window,general,354,,
kamen_rider_kabuto_(series),copyright,354,,
kouya_aotsuki,character,354,,
pekora_(jashin-chan_dropkick),character,354,,
persona_2:_innocent_sin,copyright,354,,
pointing_finger,general,354,,
serizawa_chikaru,character,354,,
tobisawa_misaki,character,354,,
trafalgar_law_(female),character,354,,
tying_another&#039;s_hair,general,354,,
wiccan,character,354,,
arm_out_of_frame,general,353,,
ass_blush,general,353,,
atomic_breath,general,353,,
heroes_relic_(fire_emblem),general,353,,
milia_wars,copyright,353,,
night-vision_device,general,353,,
schierke_(berserk),character,353,,
valkyria_(studio),copyright,353,,
baltimore_(finish_line_flagbearer)_(azur_lane),character,352,,
bra_over_clothes,general,352,,
cassandra_cain,character,352,,
izayoi_miku,character,352,,
jogging,general,352,,
mashou_no_nie,copyright,352,,
xiao_(project_moon),character,352,,
american_football_(sport),general,351,,
dual-mode_shotgun,general,351,,
hibiki_wataru,character,351,,
honolulu_(umbrella_girl)_(azur_lane),character,351,,
inazuma_eleven_ares_no_tenbin,copyright,351,,
karin_(p&amp;d),character,351,,
kurikoma_komaru,character,351,,
may_(gundam_build_divers_re:rise),character,351,,
norma_hollowell,character,351,,
sadamori_himeka,character,351,,
uehara_rin,character,351,,
animal_robot,general,350,,
antarcticite,character,350,,
double_\\m/,general,350,,
fiery_ears,general,350,,
idol_heroes_(idolmaster),copyright,350,,
kaijin,general,350,,
satou_jun,character,350,,
yuisis_(granblue_fantasy),character,350,,
broken_pillar,general,349,,
fatal_frame_2,copyright,349,,
i_was_reincarnated_as_the_7th_prince_so_i_can_take_my_time_perfecting_my_magical_ability,copyright,349,,
male_symbol_penetrating_female_symbol,general,349,,
mereoleona_vermillion,character,349,,
mitsukasa_ayase,character,349,,
nami_(one_piece)_(zou),character,349,,
silvia_van_hossen,character,349,,
stepmother_and_stepson,general,349,,
symphony_miku_(2020),character,349,,
tsukishima_kei,character,349,,
black_tongue,general,348,,
fladramon,character,348,,
hyuuga_hinata_(genin),character,348,,
kronii_ouro,general,348,,
nude_mod,general,348,,
oosuki_masato,character,348,,
code:_kite,copyright,347,,
coronamon,character,347,,
cream_on_breasts,general,347,,
erasa_(dragon_ball),character,347,,
glowing_pupils,general,347,,
hoshimiya_mukuro,character,347,,
jody_crowley,character,347,,
kamiyama_shiki,character,347,,
keramon,character,347,,
lady_j,character,347,,
low_bore_axis_revolver,general,347,,
shirai_hinako,character,347,,
teaspoon,general,347,,
thoma_h._norstein,character,347,,
tma,copyright,347,,
alternate_sleeve_length,general,346,,
blush_(makeup),general,346,,
character_logo,general,346,,
chiya_(urara_meirochou),character,346,,
common_bottlenose_dolphin_(kemono_friends),character,346,,
kudou_fuyuka,character,346,,
momoyama_mirai,character,346,,
amy_(suisei_no_gargantia),character,345,,
da_capo_iii,copyright,345,,
francoise_arnoul,character,345,,
panty_tug,general,345,,
sister_karen,character,345,,
spellbound_enigma,copyright,345,,
super-shorty_(girls&#039;_frontline),character,345,,
superb_bird-of-paradise_(kemono_friends),character,345,,
duet_night_abyss,copyright,344,,
gyaos,character,344,,
keitaro_nagame,character,344,,
kisaragi_honey,character,344,,
long_mouth,general,344,,
magical_teacher_sensei_wa_majo?,copyright,344,,
midorikawa_hana,character,344,,
nyarla_(osiimi),character,344,,
people&#039;s_liberation_army,general,344,,
pixiv_fantasia_4,copyright,344,,
qifrey_(tongari_boushi_no_atelier),character,344,,
removing_glove,general,344,,
short_cape,general,344,,
zebra,general,344,,
coat_lift,general,343,,
comic_party,copyright,343,,
hands_on_another&#039;s_arm,general,343,,
kyonyuu_majo,copyright,343,,
mesu_kyoushi_4,copyright,343,,
poppy_playtime,copyright,343,,
shiodome_miuna,character,343,,
the_ghost_and_molly_mcgee,copyright,343,,
2010s,general,342,,
hand_to_forehead,general,342,,
ishida_mitsunari_(sengoku_basara),character,342,,
kazemachi_haruka,character,342,,
lapis_re:lights,copyright,342,,
miwa_kasumi,character,342,,
nefertimon,character,342,,
rectal_prolapse,general,342,,
saimon_eclair,character,342,,
straddling_fellatio,general,342,,
transparent_cape,general,342,,
vanellope_von_schweetz,character,342,,
2_shot_diary_2,copyright,341,,
fatal_frame:_mask_of_the_lunar_eclipse,copyright,341,,
head_harness,general,341,,
nikketa_(girls&#039;_frontline_2),character,341,,
shinmai_fukei_kiruko-san,copyright,341,,
toki_ayano,character,341,,
urushibara_kaguya,character,341,,
virginia_knights,character,341,,
footwear_only,general,340,,
growlanser,copyright,340,,
hongryeon_(last_origin),character,340,,
illya_ornstein,character,340,,
love_x_holic_-miwaku_no_otome_to_hakudaku_kankei-,copyright,340,,
mars_symbol_penetrating_venus_symbol,general,340,,
minerva_(fire_emblem),character,340,,
nukumizu_kazuhiko,character,340,,
thigh_marking,general,340,,
thigh_sheath,general,340,,
used_onahole,general,340,,
agent_4_(splatoon),character,339,,
camisole_over_clothes,general,339,,
claire_francois,character,339,,
clown_girl,general,339,,
edgar_valden,character,339,,
glowing_hands,general,339,,
han&#039;you_no_yashahime,copyright,339,,
nijou_ryuu,character,339,,
nonaka_yuki,character,339,,
oyster,general,339,,
pocky_kissing_viewer,general,339,,
baltimore_(after-school_ace)_(azur_lane),character,338,,
chocolat_meilleure,character,338,,
hollow_mask,general,338,,
horizon_ariadust,character,338,,
king_(one_piece),character,338,,
maaru_tougou,character,338,,
naomi_evans,character,338,,
pochamaider,copyright,338,,
rumi_(small)_(blue_archive),character,338,,
shion_(kancolle),character,338,,
sophie_(howl_no_ugoku_shiro),character,338,,
akamaru_(naruto),character,337,,
angelica_rapha_redgrave,character,337,,
feather_collar,general,337,,
interheart,copyright,337,,
merlin_(swimsuit_pretender)_(second_ascension)_(fate/prototype),character,337,,
caroline_(persona_5),character,336,,
fish-shaped_pupils,general,336,,
gold_headband,general,336,,
kino_aki,character,336,,
mahou_shoujo_ai,copyright,336,,
onmyou_kishi_towako,copyright,336,,
valkyrie_(p&amp;d),character,336,,
weapon_merchant_cattleya,character,336,,
yoshida_ryouko,character,336,,
3:&lt;,general,335,,
biyoo_(omniscient_reader&#039;s_viewpoint),character,335,,
branwen_(queen&#039;s_blade),character,335,,
kokonoe_shinobu,character,335,,
lieza_(arc_the_lad),character,335,,
marufuji_ryo,character,335,,
oni_costume,general,335,,
serving,general,335,,
sophie_twilight,character,335,,
taihou_(phoenix&#039;s_spring_song)_(azur_lane),character,335,,
tar-21_(girls&#039;_frontline),character,335,,
alchemy,general,334,,
amano_yoshitaka_design,general,334,,
brandish_mew,character,334,,
carcass,general,334,,
dead_or_alive_xtreme_3_fortune,copyright,334,,
holding_another&#039;s_wrists,general,334,,
hulkling,character,334,,
illuso,character,334,,
kafuu_chino&#039;s_school_uniform,general,334,,
sirius_black,character,334,,
sticker_on_leg,general,334,,
stiletto_boots,general,334,,
allenby_beardsley,character,333,,
aneki...my_sweet_elder_sister,copyright,333,,
ghost_sweeper_mikami,copyright,333,,
gold_tattoo,general,333,,
h&amp;k_g3,general,333,,
ichii_tooru,character,333,,
ootsutsuki_kaguya,character,333,,
shinkyoku_soukai_polyphonica,copyright,333,,
aishuu_hebiko,character,332,,
angel&#039;s_24_uniform_(blue_archive),general,332,,
bastet_(p&amp;d),character,332,,
blue-tinted_glasses,general,332,,
candy_cane_(rumble_roses),character,332,,
fingernails_over_gloves,general,332,,
indomitable_(ms._motivationless_maid)_(azur_lane),character,332,,
lace-up_top,general,332,,
next_time_you&#039;re_getting_this_(meme),general,332,,
public_bathroom,general,332,,
saimon_misumi,character,332,,
haks,copyright,331,,
minakawa_sui,character,331,,
sabaody_archipelago,general,331,,
senjou_no_valkyria_2,copyright,331,,
son_gohan_(future),character,331,,
stapled,general,331,,
tasogare_mimi,character,331,,
adjusting_headphones,general,330,,
black_toenails,general,330,,
challengia,copyright,330,,
fukua_(skullgirls),character,330,,
kamen_rider_kiva_(series),copyright,330,,
otonashi_kiruko,character,330,,
rareware,copyright,330,,
ri_kouran,character,330,,
silvia_woods,character,330,,
tamai_remi,character,330,,
body_heat,general,329,,
bow_gloves,general,329,,
dexter&#039;s_laboratory,copyright,329,,
hasu_no_sora_103rd_class,general,329,,
hoozuki_(hoozuki_no_reitetsu),character,329,,
kusakabe_satsuki,character,329,,
oni_horn,general,329,,
sakuragi_hinako,character,329,,
shakomon,character,329,,
stone_pillar,general,329,,
tav_(baldur&#039;s_gate),character,329,,
zipper_top,general,329,,
5futa,general,328,,
blue_nail_polish,general,328,,
dengeki_g&#039;s,copyright,328,,
frog_headband,general,328,,
glowing_skin,general,328,,
lily_(ender_lilies),character,328,,
rokudou_mukuro,character,328,,
animal_earrings,general,327,,
arima_miyako,character,327,,
asymmetrical_shirt,general,327,,
birdramon,character,327,,
camera_eyes,general,327,,
cleric,general,327,,
dragon_nest,copyright,327,,
earflap_hat,general,327,,
elven_forest_maker,character,327,,
fatal_frame_4,copyright,327,,
fuumi_(kancolle),character,327,,
good_omens,copyright,327,,
inoue_jun&#039;ichi,character,327,,
koporu,general,327,,
kurusu_nono,character,327,,
model_pose,general,327,,
musical_note_ornament,general,327,,
ossan_kyoushi_no_joshikousei_tsuma_ga_yarichin_danshi_ni_netorareru_hanashi,copyright,327,,
rocket_(projectile),general,327,,
shiba_kuukaku,character,327,,
so_moe_i&#039;m_gonna_die!,general,327,,
suomi_(girls&#039;_frontline_2),character,327,,
tojou_michiru,character,327,,
armadillo,general,326,,
bicep_strap,general,326,,
brother_and_step-sister,general,326,,
condom_hair_ornament,general,326,,
hero&#039;s_son_(dq5),character,326,,
masaki_aeka_jurai,character,326,,
metalgreymon_(virus),character,326,,
otome_ga_tsumugu_koi_no_canvas_futari_no_gallery,copyright,326,,
power_pro_appli,copyright,326,,
shiki_haruomi,character,326,,
sv-98_(girls&#039;_frontline),character,326,,
tsukahara_izumi,character,326,,
aikawa_(dorohedoro),character,325,,
floramon,character,325,,
inose_mai,character,325,,
lloyd_de_saloum,character,325,,
long_gun,general,325,,
male_bride,general,325,,
ribeyrolles_(girls&#039;_frontline),character,325,,
tmp_(girls&#039;_frontline),character,325,,
yellow-tinted_glasses,general,325,,
yuuki_setsu,character,325,,
belmond_banderas,character,324,,
clitoris_vibrator,general,324,,
coin_(ornament),general,324,,
dragon&#039;s_dogma_(series),copyright,324,,
girls_und_panzer_little_army,copyright,324,,
hands_on_another&#039;s_knees,general,324,,
here&#039;s_johnny!_(meme),general,324,,
hinazuki_kayo,character,324,,
type_95_torpedo,general,324,,
ushio_(swimsuit)_(kancolle),character,324,,
yano_kuromu,character,324,,
fujii_ayame,character,323,,
loogamon,character,323,,
persica_(girls&#039;_frontline),character,323,,
pin-point,copyright,323,,
super_robot_wars_the_lord_of_elemental,copyright,323,,
superheroine_costume,general,323,,
toy_airplane,general,323,,
;&gt;,general,322,,
aloe_(quiz_magic_academy),character,322,,
banana_fish,copyright,322,,
bow_apron,general,322,,
chain_chronicle,copyright,322,,
dragon_musume_ni_naritakunai!,copyright,322,,
gold_border,general,322,,
hollow_ichigo,character,322,,
kukuri_(mahoujin_guruguru),character,322,,
kyoumachi_seika,character,322,,
plane_interior,general,322,,
senju_muramasa,character,322,,
shameless,general,322,,
sig_mcx_(girls&#039;_frontline),character,322,,
sneasler,character,322,,
black_detached_collar,general,321,,
broken_helmet,general,321,,
finger_to_another&#039;s_cheek,general,321,,
funada_ui,character,321,,
gambit,character,321,,
hikikomari_kyuuketsuki_no_monmon,copyright,321,,
midday_lycanroc,character,321,,
miss_monochrome,copyright,321,,
on_tree,general,321,,
scar_on_thigh,general,321,,
sylphy_(amaburi),character,321,,
wataoshi,copyright,321,,
destroyer_(girls&#039;_frontline),character,320,,
gunner,character,320,,
jack-o&#039;-lantern_print,general,320,,
logo_print,general,320,,
nights_into_dreams,copyright,320,,
squid_hat,general,320,,
sword_oratoria,copyright,320,,
toudou_yuki,character,320,,
airi_(queen\&#039;s_blade),general,319,,
grandma,general,319,,
kashiki_ai,character,319,,
minakami_yuki,character,319,,
rae_taylor,character,319,,
sanada_arata,character,319,,
vr_link,copyright,319,,
ancient_princess_menace,character,318,,
borsalino_(one_piece),character,318,,
dragon&#039;s_dogma,copyright,318,,
if_you_want_to_become_a_godly_artist_(trend),general,318,,
joshua_rosfield,character,318,,
justine_(persona_5),character,318,,
leonardo_watch,character,318,,
long_single_sidelock,general,318,,
oni_girl,general,318,,
private_dress_(idolmaster_million_live!),general,318,,
scholar_(final_fantasy),character,318,,
stripes_i_&amp;_ii,general,318,,
beatrice_kushan,character,317,,
cremia,character,317,,
developing_erection,general,317,,
inahime_(sengoku_musou),character,317,,
nukumizu_kaju,character,317,,
primrose_azelhart,character,317,,
sparkle_earrings,general,317,,
t&#039;au,character,317,,
&gt;;),general,316,,
capsule_corp,general,316,,
half-human,general,316,,
iihara_nao,character,316,,
ikkitousen_great_guardians,copyright,316,,
l&#039;arachel_(fire_emblem),character,316,,
mitsuki_(naruto),character,316,,
ninjala,copyright,316,,
pumpmon,character,316,,
roromiya_karuta,character,316,,
rough_time_school,general,316,,
siberian_tiger_(kemono_friends),character,316,,
tachibana_ichirou,character,316,,
triangular_halo,general,316,,
umapyoi_legend,general,316,,
urabe_mikoto,character,316,,
asagiri_suou,character,315,,
ascalon_(arknights),character,315,,
bat_(symbol),general,315,,
cloe_(kuroinu),character,315,,
covering_head,general,315,,
fuu_(samurai_champloo),character,315,,
irene_belserion,character,315,,
isurugi_futaba,character,315,,
pokemon_heroes:_latios_&amp;_latias,copyright,315,,
shinomiya_risa,character,315,,
sticky,general,315,,
tenma_tomoro,character,315,,
advance_wars,copyright,314,,
asvatthaman_(fate),character,314,,
backward-facing_horns,general,314,,
biscuit_krueger,character,314,,
fire_emblem:_fortune&#039;s_weave,copyright,314,,
hodaka_natsumi,character,314,,
iron_man_(series),copyright,314,,
leather_suit,general,314,,
neck_blush,general,314,,
pull,general,314,,
shutmon,character,314,,
ueno_(ueno-san_wa_bukiyou),character,314,,
wrinkled_fabric,general,314,,
black_ears,general,313,,
chariot_(black_rock_shooter),character,313,,
fumizuki_academy_school_uniform,general,313,,
futaba_rio,character,313,,
kira-kira_sensation!,copyright,313,,
kurosaki_kazui,character,313,,
mei-fang,character,313,,
party_horn,general,313,,
ranulf_(fire_emblem),character,313,,
ruka_sarashina,general,313,,
senkawa_minato,character,313,,
single_leg_bodysuit,general,313,,
sorceress_(dragon&#039;s_crown)_(cosplay),general,313,,
sweetie_belle,character,313,,
tanline_tattoo,general,313,,
tekken_5,copyright,313,,
touka_(utawarerumono),character,313,,
triela,character,313,,
v&#039;ehxness,character,313,,
wang_(arknights),general,313,,
&lt;key&gt;_(robot)_(blue_archive),character,312,,
elizamon,character,312,,
fogado_(fire_emblem),character,312,,
hobby_japan,copyright,312,,
maroon_eyes,general,312,,
saki_(the_atko),character,312,,
serra_(fire_emblem),character,312,,
sticks_the_badger,character,312,,
tales_of_the_world,copyright,312,,
tekken_3d,general,312,,
terapagos,character,312,,
therion_(octopath_traveler),character,312,,
tomura_michiru,character,312,,
umino_iruka,character,312,,
:&lt;&gt;,general,311,,
archer_(fate/samurai_remnant),character,311,,
chigiri_hyoma,character,311,,
coffee_art,general,311,,
gilgamesh-ko,character,311,,
gunvolt_chronicles_luminous_avenger_ix,copyright,311,,
hinako_(issho_ni_training),character,311,,
kujo_jotaro&#039;s_pose,general,311,,
monster_hunter_4,copyright,311,,
oscar_francois_de_jarjayes,character,311,,
painting_nails,general,311,,
pattern_1914_enfield,general,311,,
photo_album,general,311,,
pleated_pants,general,311,,
semmelweis_(reverse:1999),character,311,,
shuna_(tensura),character,311,,
unworn_swim_cap,general,311,,
daiwa_scarlet_(scarlet_nuit_etoile)_(umamusume),character,310,,
doctor_strange,character,310,,
finger_touching,general,310,,
mad_rat,character,310,,
matsuno_chifuyu,character,310,,
panda_hat,general,310,,
risu_(dorohedoro),character,310,,
urotsukidouji,copyright,310,,
zack_(doa),character,310,,
grenade_cartridge,general,309,,
gumdramon,character,309,,
h&amp;k_usp,general,309,,
hair_tied_up,general,309,,
labramon,character,309,,
m_no_violet,copyright,309,,
maternity_monsters!_~dekichaimashita!~,copyright,309,,
norman_(yakusoku_no_neverland),character,309,,
pandreo_(fire_emblem),character,309,,
paper_mario:_the_origami_king,copyright,309,,
pesci,character,309,,
planted_legs,general,309,,
puss_in_boots:_the_last_wish,copyright,309,,
tiktok_logo,general,309,,
clark_kent_(civilian),character,308,,
digicore_interface,general,308,,
earplugs,general,308,,
foot_on_pussy,general,308,,
foot_wings,general,308,,
grabbing_sheets,general,308,,
innocent_grey,copyright,308,,
jitaku_keibiin,copyright,308,,
may_(contest)_(pokemon),character,308,,
nagato_(great_fox&#039;s_respite)_(azur_lane),character,308,,
ray_(yakusoku_no_neverland),character,308,,
satsuki_mari,character,308,,
silphymon,character,308,,
tachibana_kimika,character,308,,
taiko_no_tatsujin,copyright,308,,
tattoo_on_hips,general,308,,
toes_visible_through_clothing,general,308,,
404_(girls&#039;_frontline),general,307,,
brazilian_miku_(cosplay),general,307,,
chikage_(sister_princess),character,307,,
hori_masayuki,character,307,,
illust_atelier3,general,307,,
mastemon,character,307,,
mitsui_hisashi,character,307,,
momoe_maria,character,307,,
mouth_under_water,general,307,,
panda_(jujutsu_kaisen),character,307,,
pigtail_braids,general,307,,
porno_(dohna_dohna),character,307,,
poyomon,character,307,,
rosanna_(chic_ocean)_(nikke),character,307,,
tamacolle,copyright,307,,
the_grim_adventures_of_billy_&amp;_mandy,copyright,307,,
tomarigi_yasumi,character,307,,
underwear_removed,general,307,,
an-an_lee,character,306,,
asymmetrical_bodysuit,general,306,,
aurora_sya_lis_kaymin,character,306,,
belted_dress,general,306,,
drawing_triangle,general,306,,
extra_teeth,general,306,,
female_protagonist_(pokemon_ww),character,306,,
knee_to_chest,general,306,,
mistress_spencer,character,306,,
silver_spoon,character,306,,
surgical_gown,general,306,,
triangle_(tool),general,306,,
type_100_(girls&#039;_frontline),character,306,,
zoo,general,306,,
circus_(studio),copyright,305,,
n_(murder_drones),character,305,,
shikibe_mayu,character,305,,
team_plasma_grunt,character,305,,
warudamon,character,305,,
carly_nagisa,character,304,,
fujinuma_satoru,character,304,,
giant_robo,copyright,304,,
hakubi_washuu,character,304,,
hk416_(black_kitty&#039;s_gift)_(girls&#039;_frontline),character,304,,
jetliner,general,304,,
komako_semenovich,character,304,,
kyan_reki,character,304,,
school_nurse_and_student,general,304,,
shiroi_suna_no_aquatope,copyright,304,,
snow_white_(sinoalice),character,304,,
yamai_kaguya,character,304,,
ak-alfa_(girls&#039;_frontline),character,303,,
amazon_lily,general,303,,
dorothy_(princess_principal),character,303,,
hand_guard,general,303,,
judal,character,303,,
kamen_rider_agito_(series),copyright,303,,
kimi_no_kokoro_wa_kagayaiteru_kai?,copyright,303,,
pandra,copyright,303,,
remus_lupin,character,303,,
ririela_churack,character,303,,
saito_shuka,character,303,,
sakurai_shin&#039;ichi,character,303,,
side_halo,general,303,,
sinbad_(magi),character,303,,
sonozaki_yukino,character,303,,
sq_(gnosia),character,303,,
studio,general,303,,
tamba_akari,character,303,,
america_(female)_(hetalia),character,302,,
assassin&#039;s_creed_ii,copyright,302,,
elastigirl,character,302,,
glenna_nalira,character,302,,
lab_zero_games,copyright,302,,
leather_shorts,general,302,,
sawatari_tohka,character,302,,
treehouse,general,302,,
welrod_mk2_(girls&#039;_frontline),character,302,,
white_overskirt,general,302,,
altair_(re:creators),character,301,,
crab_on_head,general,301,,
hand_in_another&#039;s_mouth,general,301,,
heat_abnormal_(utau),copyright,301,,
hornet_(hollow_knight)_(cosplay),general,301,,
hudiemon,character,301,,
justin_(grandia),character,301,,
levi_(fear_&amp;_hunger),character,301,,
portion,copyright,301,,
tyranomon,character,301,,
unitia,copyright,301,,
akira_ferrari,character,300,,
alternate_skin_color_(lighter),general,300,,
assisted_sex,general,300,,
asuna_(stacia)_(sao),character,300,,
ayase_ayato_(imamiya_pinoko),character,300,,
chai_xianghua,character,300,,
chelsea_(akame_ga_kill!),character,300,,
diamond_tiara,character,300,,
mechty_(girls&#039;_frontline_2),character,300,,
nina_(breath_of_fire_iv),character,300,,
seiryuu_(kemono_friends),character,300,,
surgical_scrubs,general,300,,
ttf_threesome,general,300,,
banana_(girls&#039;_frontline),character,299,,
cattleya_(queen\&#039;s_blade),general,299,,
foot_behind_head,general,299,,
irisu_makina,character,299,,
kunosato_mio,character,299,,
leggings_pull,general,299,,
my_dear_vampire,copyright,299,,
pistol_cartridge,general,299,,
tweet,general,299,,
bai_(granblue_fantasy),character,298,,
huang_(granblue_fantasy),character,298,,
kin&#039;iro_ryotei_(umamusume),character,298,,
removing_shirt,general,298,,
rifle-caliber_handgun,general,298,,
trail_of_blood,general,298,,
yamai_yuzuru,character,298,,
akabane_karma,character,297,,
alina_(arknights),character,297,,
aunt,general,297,,
charon_(project_moon),character,297,,
crowley_(good_omens),character,297,,
cynthia_(fire_emblem),character,297,,
fake_ad,general,297,,
hope&#039;s_dusk_(apex_legends),general,297,,
houshou_kirika,character,297,,
kage_no_jitsuryokusha_ni_naritakute!_master_of_garden,copyright,297,,
link&#039;s_awakening,copyright,297,,
mitachurl_(genshin_impact),character,297,,
official_art_nude_filter,general,297,,
ponyo,character,297,,
sitting_in_window,general,297,,
smith_&amp;_wesson_m&amp;p,general,297,,
split-toe_footwear,general,297,,
teenage_boy_and_younger_girl,general,297,,
valkyrie_skirt,general,297,,
artwhirl_mahou_gakuen_no_otome-tachi,copyright,296,,
climax_entertainment,copyright,296,,
ilyana_(fire_emblem),character,296,,
petal_print,general,296,,
rance_10,copyright,296,,
road_kamelot,character,296,,
seraphimon,character,296,,
super_sass_(girls&#039;_frontline),character,296,,
tokitani_koruri,character,296,,
two-tone_apron,general,296,,
bald_eagle_(kemono_friends),character,295,,
biting_another&#039;s_tail,general,295,,
crowded,general,295,,
flower_box,general,295,,
"game_(=eroge)_mitai_na,_suteki_na_koi_ga_shitai!",copyright,295,,
hair_tuft,general,295,,
holding_ears,general,295,,
jinno_megumi,character,295,,
keisuke_(sisters),character,295,,
masked_male,general,295,,
ootori_rena,character,295,,
qifrey&#039;s_atelier_apprentice_uniform,general,295,,
seijin,general,295,,
tendo_teru,character,295,,
toki_kureha,character,295,,
tumblr_logo,general,295,,
tuxedo_mask,character,295,,
yume_no_tobira,copyright,295,,
ashitaka,character,294,,
bobby_pin,general,294,,
dracumon,character,294,,
ear_through_crown,general,294,,
egawa_kusumi,character,294,,
fu_shun_(touqi_guaitan),character,294,,
peed_self,general,294,,
red_underwear_(male),general,294,,
sakura_nene,character,294,,
scraped_knee,general,294,,
titi_(babalilo),character,294,,
yukimibotamon,character,294,,
amagasa_yomogi,character,293,,
dororon_enma-kun,copyright,293,,
grimms_echoes,copyright,293,,
hebijo_academy_school_uniform,general,293,,
kai_(pokemon_conquest),character,293,,
komori_kinoko,character,293,,
kozono_nami,character,293,,
lae&#039;zel,character,293,,
left_shoe_removed,general,293,,
red_headdress,general,293,,
shell_(projectile),general,293,,
zara_(queen&#039;s_blade),character,293,,
amagasa_setsuna,character,292,,
amano_soraha,character,292,,
black_detached_sleeves,general,292,,
hasegawa_langa,character,292,,
ichimoku_ren,character,292,,
internal_mechanical_parts,general,292,,
maribelle_(fire_emblem),character,292,,
masaki_gaillard,character,292,,
minase_ichigo,character,292,,
musou_orochi,copyright,292,,
on_plate,general,292,,
pray_for_japan,general,292,,
suo_hayato,character,292,,
swim_trunks_pull,general,292,,
wiglett,character,292,,
yoshimura_thi_mai,character,292,,
ddf_threesome,general,291,,
hiccup_horrendous_haddock_iii,character,291,,
holding_jug,general,291,,
kanzaki_adelheid,character,291,,
ouroboros_(girls&#039;_frontline),character,291,,
shindou_hikaru,character,291,,
standing_with_legs_apart,general,291,,
strohl_(metaphor:_refantazio),character,291,,
sunflower_seed,general,291,,
yakui_(nijiura_maids),character,291,,
zombie_high_school,copyright,291,,
applying_another&#039;s_makeup,general,290,,
badly_tagged_upload,general,290,,
bikini_bottom_around_leg,general,290,,
fuurin_asumi,character,290,,
high_heel_shoes,general,290,,
honoo_no_haramase_tenkousei,copyright,290,,
hubert_oswell,character,290,,
klaus_von_reinhertz,character,290,,
lifestream,general,290,,
maya_cordelia,character,290,,
roxanne_de_desir,character,290,,
water_censor,general,290,,
witchmon,character,290,,
yamamoto_takeshi,character,290,,
arc_reactor,general,289,,
atelier_lydie_&amp;_suelle,copyright,289,,
cape_hold,general,289,,
chackmon,character,289,,
hanazawa_teruki,character,289,,
hoshina_soshiro,character,289,,
inou-battle_wa_nichijou-kei_no_naka_de,copyright,289,,
majo_wa_kekkyoku_sono_kyaku_to..._the_animation,copyright,289,,
metal_bracelet,general,289,,
piloting,general,289,,
pink_frills,general,289,,
poppin&#039;_up!_(love_live!),copyright,289,,
upamon,character,289,,
&gt;:p,general,288,,
amagasa_nami,character,288,,
asanaka_yomogi,character,288,,
ch&#039;en_(summer)_(arknights),character,288,,
devil_jin,character,288,,
fft_threesome,general,288,,
hands_on_eyewear,general,288,,
haurchefant_greystone,character,288,,
himejima_kinoko,character,288,,
holstein_friesian_cattle_(kemono_friends),character,288,,
kusaka_kabane,character,288,,
manga_page,general,288,,
nakabayashi_yoshitaka&#039;s_maid_uniform,general,288,,
orange_hood,general,288,,
porco_galliard,character,288,,
shirafuji_kyouko,character,288,,
ulthury,character,288,,
blue_jingasa,general,287,,
code_geass:_dakkan_no_roze,copyright,287,,
dirty_hands,general,287,,
fixed_toy,general,287,,
galgrease,copyright,287,,
honoo_no_haramase_oppai_nyuu_doukyuusei,copyright,287,,
mint_(nte),character,287,,
mistress_spencer_(cosplay),general,287,,
ningguang_(orchid&#039;s_evening_gown)_(genshin_impact),character,287,,
oukawa_kohaku,character,287,,
saotome_mary,character,287,,
sarugaki_hiyori,character,287,,
tita_russell,character,287,,
bug_box,general,286,,
cum_on_sheets,general,286,,
ero_train,copyright,286,,
gamera_3:_revenge_of_iris,copyright,286,,
glasses_with_tear,general,286,,
japanese_movable_partition,general,286,,
"kanojo_to_no_gakuen_seikatsu_wo_hakai_suru,_ittsuu_no_tegami",copyright,286,,
orimura_chifuyu,character,286,,
pkp_(girls&#039;_frontline),character,286,,
poseidon_(shuumatsu_no_valkyrie),character,286,,
saishuu_chikan_densha,copyright,286,,
tengoku_daimakyou,copyright,286,,
uchiha_mikoto,character,286,,
voltron,copyright,286,,
well_used_anus,general,286,,
aqua_tongue,general,285,,
asymmetrical_shorts,general,285,,
crystal_flower,general,285,,
gundam_narrative,copyright,285,,
kango_shichauzo,copyright,285,,
moeta_kaoruko,character,285,,
rafal_(chi.),character,285,,
tatsumaki_(cosplay),general,285,,
tokimeki_memorial_girl&#039;s_side_3rd_story,copyright,285,,
vaan_(ff12),character,285,,
yukimura_(pokemon),character,285,,
bloody_wings,general,284,,
bravely_second:_end_layer,copyright,284,,
cecilia_(fire_emblem),character,284,,
creepy_eyes,general,284,,
en_ciel_rena_(sin),character,284,,
hairy_man,general,284,,
megara_(disney),character,284,,
natsume_inori,character,284,,
orion_heart_~injoku_no_suku_mizu_sailor_senshi~,copyright,284,,
rubbing_crotch,general,284,,
sakasaki_natsume,character,284,,
snake_(chinese_zodiac),character,284,,
whorled_clouds,general,284,,
amatori_chika,character,283,,
bakuretsu_tenshi,copyright,283,,
binetsu_kyoushi_cherry,copyright,283,,
black_school_swimsuit,general,283,,
dff_threesome,general,283,,
fnc_(girls&#039;_frontline),character,283,,
gold_bangle,general,283,,
japanese_wolf_(kemono_friends),character,283,,
juna_crawford,character,283,,
kin-iro_loveriche,copyright,283,,
lilim_(monster_girl_encyclopedia),character,283,,
mameo_(digimon),character,283,,
pocket_pistol,general,283,,
pokemon_swsh105,copyright,283,,
remnan_(gnosia),character,283,,
sheeta,character,283,,
slimy,general,283,,
thompson_(girls&#039;_frontline),character,283,,
zudomon,character,283,,
bandage_on_leg,general,282,,
diamond_in_eye,general,282,,
diane_(nanatsu_no_taizai)_(cosplay),general,282,,
fir_(fire_emblem),character,282,,
four-leaf_clover_earrings,general,282,,
futagawa_fumi,character,282,,
g.j?,copyright,282,,
g36c_(girls&#039;_frontline),character,282,,
h&amp;k_p30,general,282,,
hiita,character,282,,
holding_another&#039;s_waist,general,282,,
kimono_partially_removed,general,282,,
levia_(closers),character,282,,
makihara_nodoka,character,282,,
mogami_ryouma,character,282,,
nina_(breath_of_fire_iii),character,282,,
queen&#039;s_blade_unlimited,copyright,282,,
sakuyamon_miko_mode,character,282,,
shizuka_(queen&#039;s_blade),character,282,,
suzuki_hina,character,282,,
taishakuten_(onmyoji),character,282,,
tiger_(kemono_friends),character,282,,
womb_massage,general,282,,
12-gauge,general,281,,
aquila_yuna,character,281,,
comiket_100,copyright,281,,
coyote_girl,general,281,,
cutscene,general,281,,
gunxsword,copyright,281,,
harumiya_tsugumi,character,281,,
kirishima_natsuya,character,281,,
sanzu_haruchiyo,character,281,,
yur_oc_like_this_(meme),general,281,,
zen&#039;in_mai,character,281,,
arctic_fox_(kemono_friends),character,280,,
baalmon,character,280,,
cherubimon_(virtue),character,280,,
daphne_blake,character,280,,
draco_malfoy,character,280,,
hibari_kyouya,character,280,,
koikuma.,copyright,280,,
kurosaki_karin,character,280,,
lancelot_(granblue_fantasy),character,280,,
palm_gag,general,280,,
ribbed_swimsuit,general,280,,
tokugawa_ieyasu_(sengoku_basara),character,280,,
wavy_ends,general,280,,
zelda_ii:_the_adventure_of_link,copyright,280,,
a_song_for_you!_you?_you!,general,279,,
arimura_hinae,character,279,,
arita_haruyuki,character,279,,
blood_on_dress,general,279,,
dead_or_alive_xtreme_beach_volleyball,copyright,279,,
ikkitousen_dragon_destiny,copyright,279,,
io_(pso2),character,279,,
itou_shinji_(chaos;child),general,279,,
million_dreams_(idolmaster),general,279,,
mushiking,copyright,279,,
pouring_onto_another,general,279,,
rpk-16_(renate)_(girls&#039;_frontline),character,279,,
spiked_hair_ornament,general,279,,
twinkle_star_knights,copyright,279,,
vortex,general,279,,
zoya_(path_to_nowhere),character,279,,
airplane_wing,general,278,,
arisaka_mashiro,character,278,,
calamaramon,character,278,,
cavewoman,general,278,,
electronic_firearm,general,278,,
euphoria_trinity,character,278,,
garnet_mclane,character,278,,
hooded_kimono,general,278,,
ice_shard,general,278,,
kanan_(kanan-sama),character,278,,
kirishima_kanna,character,278,,
link_(wolf),character,278,,
matching_hairstyle,general,278,,
merlin_(fate/stay_night),character,278,,
mp5_(girls&#039;_frontline),character,278,,
nakigitsune&#039;s_fox,character,278,,
new_generations,general,278,,
nico_robin_(wano),character,278,,
sazaki_kaoruko_(cosplay),general,278,,
sugamo_mutsuki,character,278,,
uchida_momo,character,278,,
aburame_shino,character,277,,
apple_on_head,general,277,,
ash_lynx,character,277,,
carlos_oliveira,character,277,,
chu_wanning,character,277,,
devil_girl,general,277,,
dragon:_marked_for_death,copyright,277,,
fuchida_hisako,character,277,,
guilty_gear_xrd:_revelator,copyright,277,,
helical_magazine,general,277,,
ksvk_(girls&#039;_frontline),character,277,,
maria_(fire_emblem),character,277,,
mr._game_&amp;_watch,character,277,,
pdw-caliber_pistol,general,277,,
pulsemon,character,277,,
raccoon_hood,general,277,,
shinegreymon,character,277,,
slave_gear,general,277,,
standing_paizuri,general,277,,
winter_gloves,general,277,,
ability_card_(touhou),general,276,,
blue_aura,general,276,,
dress_over_shirt,general,276,,
ine_(waktaverse),character,276,,
kissing_shoulder,general,276,,
little_brother,general,276,,
melty_q_melromarc,character,276,,
nami_(one_piece)_(skypiea),character,276,,
neamon,character,276,,
okita_kyouko_(cosplay),general,276,,
perisie_(star_ocean),character,276,,
sakuraba_rola,character,276,,
sharkry_(girls&#039;_frontline_2),character,276,,
standee,general,276,,
altar,general,275,,
anti-rain_(girls&#039;_frontline),general,275,,
blitzmon,character,275,,
commander_(nier:automata),character,275,,
digital_camera,general,275,,
h&amp;k_g36,general,275,,
hilda_(beelzebub),character,275,,
himawari-san_(character),character,275,,
hinazuki_ririna,character,275,,
poporing,character,275,,
protean_assassin_melona,character,275,,
quaquaval,character,275,,
shinoda_hajime,character,275,,
sr-3mp_(girls&#039;_frontline),character,275,,
st_ar-15_(mod3)_(girls&#039;_frontline),character,275,,
stella_glow,copyright,275,,
tanba_akari,character,275,,
walking_bicycle,general,275,,
alicia_viewstream,character,274,,
belphegor_(reborn),character,274,,
chalkboard_writing,general,274,,
daru_(steins;gate),character,274,,
gold_panties,general,274,,
hatori_chise,character,274,,
helianthus_(girls&#039;_frontline),character,274,,
kakehashi_subaru,character,274,,
kurusuta,copyright,274,,
laser_cannon,general,274,,
lunastia_asteel,character,274,,
mochizuki_erena,character,274,,
nanosheep_(character),character,274,,
nari_(cougar1404),character,274,,
reien_girl&#039;s_academy_school_uniform,general,274,,
tom_clancy&#039;s_the_division,copyright,274,,
tsumugi_kokage,character,274,,
yggdrasil_(granblue_fantasy),character,274,,
cendrillmon,character,273,,
godzilla_vs._destoroyah,copyright,273,,
head_ornament,general,273,,
kenzen!_hentai_kouboku_no_tsutome,copyright,273,,
lucy_(reverse:1999),character,273,,
maou_gakuin_no_futekigousha,copyright,273,,
sebastian_de_tomato_smith_chicken_legs,character,273,,
split-color_skin,general,273,,
translucent_horns,general,273,,
amatsuki_jun,character,272,,
azazel_ameri,character,272,,
itokonoue_kaoru,character,272,,
jie_(arknights),character,272,,
jungle_pocket_(champion&#039;s_battle_cry)_(umamusume),character,272,,
lenna_(girls&#039;_frontline_2),character,272,,
saotome_rei,character,272,,
waltz_(dance),general,272,,
white_rhinoceros_(kemono_friends),character,272,,
black_rainbow,copyright,271,,
h264_(codec),general,271,,
head_in_hand,general,271,,
kirby&#039;s_dream_land_3,copyright,271,,
large_earrings,general,271,,
luminous_avenger_ix,copyright,271,,
megami-ryou_no_ryoubo-kun,copyright,271,,
nageki_no_bourei_wa_intaishitai,copyright,271,,
necklace_between_breasts,general,271,,
predator_and_prey,general,271,,
shocked_pupils,general,271,,
amari_akari,character,270,,
bai_ling_(touqi_guaitan),character,270,,
enmu_(kimetsu_no_yaiba),character,270,,
fabarm_fp6/sdass,general,270,,
folded_leg,general,270,,
frost,general,270,,
hazuki_yuzuko,character,270,,
hige_wo_soru._soshite_joshikousei_wo_hirou.,copyright,270,,
jumbo_jet,general,270,,
makai_tenshi_djibril_1,copyright,270,,
natsume_mahiro,character,270,,
nouhime_(sengoku_musou),character,270,,
oogami_ichirou,character,270,,
ryou-ouki,character,270,,
sashinami_shouko,character,270,,
shimada_minami,character,270,,
shizuki_soujuurou,character,270,,
story_time_(muta_koji),copyright,270,,
two-sided_hoodie,general,270,,
ymir_(queen&#039;s_blade),character,270,,
zion_(company),copyright,270,,
dusk_lycanroc,character,269,,
futaba_aoi_(princess_connect!),character,269,,
gold_headdress,general,269,,
hair_tattoo,general,269,,
harem_party,copyright,269,,
hasumi_rain,character,269,,
honoo_no_haramase_paidol_my_star_gakuen_z,copyright,269,,
jeans_shorts,general,269,,
kimura_seiko,character,269,,
mahou_senshi_sweet_knights_2,copyright,269,,
miyoshi_nao,character,269,,
norn_greyrat,character,269,,
ogre_(dq10),character,269,,
rave_(mashima),copyright,269,,
red_(pokemon_sm),character,269,,
saeki_miria,character,269,,
shoujo_shin&#039;iki_shoujo_tengoku,copyright,269,,
tsuzura_saki,character,269,,
acrobatics,general,268,,
akizuki_kanna,character,268,,
apple_bloom,character,268,,
argus_(reverse:1999),character,268,,
cross_promotion,general,268,,
formaggio,character,268,,
grand_blue,copyright,268,,
gretel_(sinoalice),character,268,,
holding_tool,general,268,,
hoshi_kirara,character,268,,
iws-2000_(girls&#039;_frontline),character,268,,
julius_juukulius,character,268,,
kitagawa_marin_(cosplay),general,268,,
la_blue_girl,copyright,268,,
manticore_(monster_girl_encyclopedia),character,268,,
noa-senpai_wa_tomodachi.,copyright,268,,
penny_crygor,character,268,,
veil_lift,general,268,,
weapon_of_mass_destruction,general,268,,
yayaka,character,268,,
akazawa_izumi,character,267,,
akihiro_altland,character,267,,
angewomon_(cosplay),general,267,,
arm_binder,general,267,,
blackbuck_(kemono_friends),character,267,,
cyril_brooklyn,character,267,,
dana_zane,character,267,,
foot_wraps,general,267,,
h&amp;k_psg1,general,267,,
head_under_another&#039;s_clothes,general,267,,
hua_yi_shanxin_zhiyue,copyright,267,,
koukawa_oboro,character,267,,
kreide_(arknights),character,267,,
mercedes_(odin_sphere),character,267,,
mo_ran,character,267,,
ogami_shirou,character,267,,
royal_guard_set_(zelda),general,267,,
shimamura_joe,character,267,,
tenkawa_nayuta,character,267,,
winged_cloud,copyright,267,,
404_logo_(girls&#039;_frontline),general,266,,
curren_chan_(ma_cherie_of_the_new_moon)_(umamusume),character,266,,
engi_(animation_studio),copyright,266,,
gotland_(fuji_speedway_race_queen_mode)_(kancolle),character,266,,
hiiragi_nana,character,266,,
hinohara_kei,character,266,,
lola_bunny,character,266,,
mantis_(marvel),character,266,,
nami_(one_piece)_(alabasta),character,266,,
sacred_claire,character,266,,
silence_suzuka_(emerald_on_the_waves)_(umamusume),character,266,,
sky_girls,copyright,266,,
spiked_wristband,general,266,,
star_pin,general,266,,
sun_necklace,general,266,,
tachibana_jun&#039;ichi,character,266,,
theater_seating,general,266,,
writing_on_wall,general,266,,
z1_leberecht_maass_(swimsuit)_(kancolle),character,266,,
zakuro_(rariatto),character,266,,
aoyama_motoko,character,265,,
bandaged_ankle,general,265,,
beatrice_(princess_principal),character,265,,
boruto:_the_movie,copyright,265,,
bungo_yayoi,character,265,,
carrot-shaped_pillow,general,265,,
fon_master_ion,character,265,,
hakuowlo,character,265,,
haseo,character,265,,
kamiji_moe,character,265,,
kisaki_(blue_archive)_(cosplay),general,265,,
lowered_eyelids,general,265,,
multiple_tattoos,general,265,,
shikigami_(onmyou_taisenki),general,265,,
shinra_kusakabe,character,265,,
slow_damage,copyright,265,,
transparent_pelvic_curtain,general,265,,
yanning,general,265,,
agato_shifuna,character,264,,
aida_rayhunton,character,264,,
bedroll,general,264,,
happy_party_train,copyright,264,,
kicking_viewer,general,264,,
lofter_logo,general,264,,
plasma_beam,general,264,,
sakura_dungeon,copyright,264,,
selene_(pokemon_usum),character,264,,
tougou_hifumi,character,264,,
triss_merigold,character,264,,
amagasa_hikari,character,263,,
aziraphale_(good_omens),character,263,,
bokomon,character,263,,
buta_no_gotoki_sanzoku_ni_torawarete_shojo_o_ubawareru_kyonyuu_himekishi_&amp;_onna_senshi:_zettai_chinpo_nanka_ni_maketari_shinai!!_the_animation,copyright,263,,
chained_arms,general,263,,
chou-10cm-hou-chan_(hatsuzuki&#039;s),character,263,,
comic_exe,copyright,263,,
glowing_arm,general,263,,
hades_izanami,character,263,,
kurimoto_maki,character,263,,
lua_(yu-gi-oh!),character,263,,
lunalu_(granblue_fantasy),character,263,,
marley_military_uniform,general,263,,
medusamon,character,263,,
miyoshi_karin,character,263,,
naked_gloves,general,263,,
nou_(pokemon),character,263,,
protagonist_(crave_saga),character,263,,
rosalinde_(unicorn_overlord),character,263,,
senri_akane,character,263,,
shiiba_tsumugi,character,263,,
tiana_jill_lilithtia,character,263,,
ump45_(mod3)_(girls&#039;_frontline),character,263,,
anchor_(tie_down),general,262,,
bite_marks,general,262,,
claudette_(queen&#039;s_blade),character,262,,
elbow_blush,general,262,,
fila,copyright,262,,
getbackers,copyright,262,,
gunvolt,character,262,,
haqua_d&#039;rot_herminium,character,262,,
idola_avorn,character,262,,
jeanne_d&#039;arc_alter_(violette_vengeur)_(fate),character,262,,
kohinata_ichigo,character,262,,
makoto_(digimon),character,262,,
midorikawa_ryuuji,character,262,,
on_hammock,general,262,,
pepper&amp;carrot,copyright,262,,
sleeve_slit,general,262,,
tokiwa_midori,character,262,,
anchor_(nikke),character,261,,
asukagawa_chise,character,261,,
awakening_(sennen_sensou_aigis),general,261,,
damian_doyle_(cyphers),character,261,,
football_(american),general,261,,
fuuma_saika,character,261,,
gemini_sunrise,character,261,,
hoshikawa_mafuyu,character,261,,
jaw,general,261,,
makima_(chainsaw_man)_(cosplay),general,261,,
mashiro_tomoya,character,261,,
meninas_mcallon,character,261,,
minami_koharu,character,261,,
persephone_ii,character,261,,
red_aura,general,261,,
saaya_(suisei_no_gargantia),character,261,,
ship_name,general,261,,
uni_(arekishi),character,261,,
wizardry,copyright,261,,
break-action_revolver,general,260,,
deviljho,character,260,,
fighting_master_alleyne,character,260,,
fully_cracked_egg,general,260,,
idunn_(fire_emblem),character,260,,
ikkakumon,character,260,,
jellyfish_(company),copyright,260,,
mouthful,general,260,,
natasha_cioara,character,260,,
"no,_thank_you_!!!",copyright,260,,
omega_strikers,copyright,260,,
otomachi_una_(a.i._voice_2),character,260,,
punk_hazard,general,260,,
qualidea_code,copyright,260,,
back_lace,general,259,,
dianna_soreil,character,259,,
dojo,general,259,,
float,general,259,,
good_breasts_day,general,259,,
harlequin_(nanatsu_no_taizai),character,259,,
hoshino_ai&#039;s_pose,general,259,,
izumi_masamune,character,259,,
koikishi_purely_kiss,copyright,259,,
littlewitch,copyright,259,,
nagumo_(sakamoto_days),character,259,,
pieck,character,259,,
prairie_(mega_man),character,259,,
precision-guided_munition,general,259,,
ramon_salazar,character,259,,
razia,character,259,,
studded_garter_belt,general,259,,
viper_(shine_of_love)_(nikke),character,259,,
angelic_angel,copyright,258,,
breast_massage,general,258,,
egyptian_art,general,258,,
gunship,general,258,,
hayami_ayumi,character,258,,
hououmon,character,258,,
k/da_kai&#039;sa,character,258,,
kyonyuu_elf_oyako_saimin,copyright,258,,
sitting_on_arm,general,258,,
snail_shell,general,258,,
yellow_swim_trunks,general,258,,
asou_miyuri,character,257,,
atou_tsubaki,character,257,,
bubbmon,character,257,,
butterfly_(love_live!),copyright,257,,
chicken_costume,general,257,,
clapping_ass,general,257,,
command_&amp;_conquer,copyright,257,,
gokudera_hayato,character,257,,
hamster_costume,general,257,,
ink_on_face,general,257,,
karui_(naruto),character,257,,
nudist_beach_ni_shuugakuryokou_de!!,copyright,257,,
petra_johanna_lagerkvist,character,257,,
sierra_mikain,character,257,,
single_ankle_cuff,general,257,,
soil,general,257,,
\\o/,general,256,,
akagi_(warship_girls_r),character,256,,
auction,general,256,,
baku_ane_~otouto_shibocchau_zo!~,copyright,256,,
caribbeancom,copyright,256,,
compass_(game),copyright,256,,
covering_own_face,general,256,,
embarassed,general,256,,
eri_(mayoineko_o_tomeyou),character,256,,
homare_nao,character,256,,
izumo_tenka,character,256,,
mayoineko_o_tomeyou,copyright,256,,
nighthawk,general,256,,
oczy,character,256,,
panty_tag,general,256,,
parasite_eve_i,copyright,256,,
sakakura_juzo,character,256,,
shirakawa_kotori,character,256,,
sideless_leotard,general,256,,
transparent_curtains,general,256,,
viewing_pornography,general,256,,
white_dragon_(kemono_friends),character,256,,
akuno_hideo,character,255,,
c-ms_(girls&#039;_frontline),character,255,,
condom_on_head,general,255,,
digimon_story:_sunburst_and_moonlight,copyright,255,,
haruka_(dress)_(blue_archive),character,255,,
kal&#039;tsit_esperanta_(arknights),character,255,,
kunemon,character,255,,
kurusu_kanako,character,255,,
saiga-12_(girls&#039;_frontline),character,255,,
sarutobi_ayame,character,255,,
tatl,character,255,,
a-1_pictures,copyright,254,,
anubis_(monster_girl_encyclopedia),character,254,,
george_the_bomb,character,254,,
gold_corset,general,254,,
hanemiya_kazutora,character,254,,
merrin_(fire_emblem),character,254,,
noguchi_ikuto,character,254,,
pleated_capelet,general,254,,
sakuya_(sister_princess),character,254,,
spk,general,254,,
strapless_coat,general,254,,
tsuki_ga_michibiku_isekai_douchuu,copyright,254,,
ukon_(utawarerumono),character,254,,
vanilla_mieux,character,254,,
ziptie,general,254,,
animal-shaped_pillow,general,253,,
artistic_nudity,general,253,,
bearmon,character,253,,
cassie_torbjornson,character,253,,
cheek_swirl,general,253,,
danball_senki_wars,copyright,253,,
desire_driver,general,253,,
fishnet_fabric,general,253,,
guild_no_uketsukejou_desu_ga_zangyou_wa_iya_nanode_boss_wo_solo_toubatsu_shiyou_to_omoimasu,copyright,253,,
haneoka_meimi,character,253,,
hime-sama_&quot;goumon&quot;_no_jikan_desu,copyright,253,,
kitaooji_satsuki,character,253,,
kizaki_ren,character,253,,
max_caulfield,character,253,,
mirabell_bell,character,253,,
otonashi_saya,character,253,,
people&#039;s_republic_of_china_flag,general,253,,
stg44_(girls&#039;_frontline),character,253,,
waistband,general,253,,
chloe_price,character,252,,
ed_(street_fighter),character,252,,
exs-tia_ignis,character,252,,
kurosaki_isshin,character,252,,
lucia_morgan,character,252,,
miria_marigold_mackenzie,character,252,,
nami_(one_piece)_(water_7),character,252,,
nemesis_(girls&#039;_frontline_2),character,252,,
norton_campbell,character,252,,
rugby_uniform,general,252,,
school_boys!,copyright,252,,
shinonome_miu,character,252,,
shiny_days,copyright,252,,
shokatsuryou_koumei_(ikkitousen),character,252,,
takopii,character,252,,
tetsuwan_birdy_decode,copyright,252,,
tiger_print_bikini,general,252,,
togame,character,252,,
abhar,copyright,251,,
amagami_yae,character,251,,
anko_(nikukyun_ongaeshi),character,251,,
ayase_mayoi,character,251,,
boa_hancock_(cosplay),general,251,,
chako_(nikukyun_ongaeshi),character,251,,
clogs,general,251,,
cucouroux_(granblue_fantasy),character,251,,
elina_olegovna_oven,character,251,,
horse_print,general,251,,
iris_von_austria,character,251,,
isaac_foster,character,251,,
kazooie_(banjo-kazooie),character,251,,
munetani_mashiro,character,251,,
surge_the_tenrec,character,251,,
tojita_sekai_no_tori_colony,copyright,251,,
transparent_slingshot_swimsuit,general,251,,
wet_thighhighs,general,251,,
woollen_cap,general,251,,
xiao_(docecaedrus),character,251,,
camyu,character,250,,
cardigan_lift,general,250,,
extra_moons,general,250,,
fata_morgana_no_yakata,copyright,250,,
fatal_frame_iii:_the_tormented,copyright,250,,
has_a_figure,general,250,,
hazuki_riko,character,250,,
indoor_pool,general,250,,
jack-o&#039;-lantern_earrings,general,250,,
looking_past_viewer,general,250,,
meruru_(oreimo),character,250,,
mikoshiba_mikoto,character,250,,
mizuna_girls&#039;_academy_school_uniform,general,250,,
nangong_yu_(rhapsody&#039;s_muse),character,250,,
nchans_style,copyright,250,,
pinned_down,general,250,,
punimon,character,250,,
reed_richards,character,250,,
ribeyrolles_1918_(girls&#039;_frontline),character,250,,
sawamiya_shiori,character,250,,
shinazugawa_genya,character,250,,
sky_(shantae),character,250,,
taiga_takeru,character,250,,
touhouvania_2,copyright,250,,
turning_page,general,250,,
untied_ribbon,general,250,,
valis,copyright,250,,
wireframe,general,250,,
z&#039;gok,character,250,,
foot_tease,general,249,,
hamakaze_(yukata)_(kancolle),character,249,,
justimon,character,249,,
katori_youko,character,249,,
ladybug_ornament,general,249,,
lin_(breath_of_fire),character,249,,
luluco,character,249,,
mouse_hat,general,249,,
orc_female,general,249,,
otto_suewen,character,249,,
priite_hari_(torriet),character,249,,
putting_on_legwear,general,249,,
rojiura_satsuki_:_chapter_heroine_sanctuary,copyright,249,,
saotome_noa,character,249,,
shiratsuyu_(swimsuit)_(kancolle),character,249,,
snow_white_(mahoiku),character,249,,
team_skull_grunt_(female),character,249,,
terrence_(ff16),character,249,,
wet_bikini,general,249,,
yukino_memories,copyright,249,,
dandelion_(girls&#039;_frontline),character,248,,
drag-on_dragoon_1,copyright,248,,
excited_for_sex,general,248,,
gaikotsu_kishi-sama_tadaima_isekai_e_odekake-chuu,copyright,248,,
hiiragi_tsubomi,character,248,,
himeshima_gakuen_ingoku_no_nikutai_shidou_kyouzai,copyright,248,,
krolik_(girls&#039;_frontline_2),character,248,,
leviathin_screencap,general,248,,
metal_bra,general,248,,
monk_(final_fantasy),character,248,,
qbz-95,general,248,,
romary_stone,character,248,,
satyr_(granblue_fantasy),character,248,,
storm_cloud,general,248,,
animal-shaped_balloon,general,247,,
aoba_kozue,character,247,,
burning_clothes,general,247,,
callie_(final_boss)_(splatoon_2),character,247,,
expressive_tail,general,247,,
gallon_(vampire),character,247,,
hgame,general,247,,
high_boots,general,247,,
kibou_no_chikara_otona_precure_&#039;23,copyright,247,,
kurotsuchi_mayuri,character,247,,
leather_bikini,general,247,,
mamemon,character,247,,
miya_osamu,character,247,,
red_fire,general,247,,
seong_mi-na,character,247,,
shin_megami_tensei_v:_vengeance,copyright,247,,
shiranui_isuzu,character,247,,
suika_(dr._stone),character,247,,
suzuran&#039;s_father_(arknights),character,247,,
toshi_densetsu_series,copyright,247,,
tropentarn,general,247,,
undone,general,247,,
v_(murder_drones),character,247,,
venelana_gremory,character,247,,
yuusha_no_kuse_ni_namaiki_da,copyright,247,,
afraid_of_ghosts,general,246,,
aizawa_mint,character,246,,
black_horse,general,246,,
chidorigafuchi_aine,character,246,,
cuffs_chained_together,general,246,,
dance_in_the_vampire_bund,copyright,246,,
elena_olegovna_owen,character,246,,
gold_bowtie,general,246,,
gradient_cape,general,246,,
himejima_gyoumei,character,246,,
jack-o&#039;-lantern_hat_ornament,general,246,,
kamen_rider_revi,character,246,,
lineage,copyright,246,,
masaki_tenchi,character,246,,
miyazawa_kengo,character,246,,
phasmophobia,general,246,,
sen&#039;yuu.,copyright,246,,
serizawa_fumino,character,246,,
shikanosuke_(taimanin_asagi),character,246,,
suspender_pants,general,246,,
takoochiaori_(splatoon),character,246,,
takori_(splatoon),character,246,,
yu-gi-oh!_the_dark_side_of_dimensions,copyright,246,,
aaron_wei,character,245,,
amajiki_tamaki,character,245,,
anal_cutout,general,245,,
chou-10cm-hou-chan_(teruzuki&#039;s),character,245,,
dao_(weapon),general,245,,
fatal_frame_3,copyright,245,,
firefighter_helmet,general,245,,
gradient_boots,general,245,,
hera_(p&amp;d),character,245,,
hmx-17a,character,245,,
horo_horo_no_mi,general,245,,
jissai_no_tokoro,copyright,245,,
konami_kirie,character,245,,
mii_(jungle_de_ikou),character,245,,
muchimaro-chan,character,245,,
pure_pure_(rabbit_hole),character,245,,
pushing_down,general,245,,
receipt,general,245,,
ricotta_elmar,character,245,,
sano_aika,character,245,,
senju_tobirama,character,245,,
space_ereshkigal_(fate),character,245,,
vivy:_fluorite_eye&#039;s_song,copyright,245,,
yoshizaki_mine_(style),general,245,,
zeus_(one_piece),character,245,,
capcom_vs._snk_2,copyright,244,,
chaos_aurora_(grimms_notes),character,244,,
chiikawa_(character),character,244,,
cult_of_the_lamb,copyright,244,,
dokyuu_hentai_hxeros,copyright,244,,
hanzou_academy_school_uniform,general,244,,
ijirare_~fukushuu_saimin~,copyright,244,,
io_(code_vein),character,244,,
jyushimatsu&#039;s_girlfriend,character,244,,
knee_brace,general,244,,
mae_(fire_emblem),character,244,,
mamiya_marie,character,244,,
marin_(zelda),character,244,,
nagare_ryoma,character,244,,
nanally_(nte),character,244,,
non_porn,general,244,,
pink_liquid,general,244,,
scarlett_(unicorn_overlord),character,244,,
uozumi_kurumi,character,244,,
vittorio_veneto_(warship_girls_r),character,244,,
yuusha_ni_narenakatta_ore_wa_shibushibu_shuushoku_wo_ketsui_shimashita.,copyright,244,,
zack_(angels_of_death),character,244,,
aida_taketo,character,243,,
aloe,character,243,,
austria_(hetalia),character,243,,
biting_shoulder,general,243,,
ceiling_window,general,243,,
corina_bucksworth,character,243,,
hiragi_makoto_(girlfriend_(kari)),character,243,,
hmx-13,character,243,,
k-2_(girls&#039;_frontline),character,243,,
minase_sumomo,character,243,,
nyan_koi!,copyright,243,,
shishidou_chiharu_flamsteed,character,243,,
star_fox_adventures,copyright,243,,
thrust_lines,general,243,,
urakaze_(yukata)_(kancolle),character,243,,
abaddon_(haunted_hotel),character,242,,
aoi_sakura_(tsuma_shibori),character,242,,
automatic_shotgun,general,242,,
blue_electricity,general,242,,
blue_underwear_(male),general,242,,
cai_lin_(doupo_cangqiong),character,242,,
cheek_biting,general,242,,
east_blue,general,242,,
felicia_(taimanin_kurenai),character,242,,
hell&#039;s_paradise:_jigokuraku,copyright,242,,
lavenza_(persona_5),character,242,,
mega_banette,character,242,,
nakagawa_kanon,character,242,,
nami_(one_piece)_(punk_hazard),character,242,,
needlegun,general,242,,
pussy_juice_on_face,general,242,,
saginomiya_rin,character,242,,
saint_tail,character,242,,
sakurada_yuuta,character,242,,
walking_towards_viewer,general,242,,
waterpark,general,242,,
wavy_eyebrows,general,242,,
anglerfish_costume,general,241,,
crash_bandicoot,character,241,,
digital_devil_saga,copyright,241,,
dragon_riding,general,241,,
i&#039;ve_never_seen_a_guy_recreate_this_successfully_tbh_(meme),general,241,,
iris_(enen_no_shouboutai),character,241,,
justia_(brown_dust),character,241,,
kyonyuu_reijou_mc_gakuen,copyright,241,,
madeline_(celeste),character,241,,
nami_(one_piece)_(enies_lobby),character,241,,
neon_genesis_evangelion_(manga),copyright,241,,
norway_(hetalia),character,241,,
panty_writing,general,241,,
purple_nail_polish,general,241,,
strapless_bodysuit,general,241,,
ten_legendary_warriors,general,241,,
vanica_zogratis,character,241,,
wakazato_haruna,character,241,,
wolfmon,character,241,,
wrists_chained_together,general,241,,
yellow_fire,general,241,,
yuuki_noa,character,241,,
alchemist_(girls&#039;_frontline),character,240,,
arnval,character,240,,
bath_toy,general,240,,
broken_heart_print,general,240,,
espio_the_chameleon,character,240,,
flare_arlgrande_jioral,character,240,,
flyable_heart,copyright,240,,
fur_hood,general,240,,
hagurumon,character,240,,
haru_(tsuritama),character,240,,
hasekura_rei,character,240,,
ise_nanao,character,240,,
judge,general,240,,
kuzuhamon,character,240,,
lekismon,character,240,,
lilim_(taimanin_asagi_battle_arena),character,240,,
lu_xueqi_(zhu_xian),character,240,,
mama_x_holic_-miwaku_no_mama_to_amaama_kankei-,copyright,240,,
marufuji_sho,character,240,,
mg5_(girls&#039;_frontline),character,240,,
minna_daisuki_kozukuri_banchou,copyright,240,,
ninomae_ina&#039;nis_(new_year),character,240,,
nogi_sonoko,character,240,,
sacrifice_villains,copyright,240,,
sight_(weapon),general,240,,
tanaka_shouta,character,240,,
tensai_ouji_no_akaji_kokka_saiseijutsu,copyright,240,,
torgal_(ff16),character,240,,
watermelon_seeds,general,240,,
worm&#039;s_eye_view,general,240,,
writing_on_ass,general,240,,
yamanin_zephyr_(fluttertail_spirit)_(umamusume),character,240,,
aegiomon,character,239,,
amagami_asahi,character,239,,
ca_(deino),copyright,239,,
clause_(len&#039;en),character,239,,
couple_lying_together,general,239,,
digimon_world_-next_0rder-,copyright,239,,
eiselin_burchelli_meijal_hulkenberg,character,239,,
eiselin_hulkenberg,character,239,,
flower_panties,general,239,,
galerians,copyright,239,,
glycine_bleumer,character,239,,
golden_armlet,general,239,,
kougami_shin&#039;ya,character,239,,
luna_(konosuba),character,239,,
mario_and_sonic_(series),copyright,239,,
metal_hair,general,239,,
mizuki_yukikaze_(cosplay),general,239,,
na&#039;el_(xenoblade),character,239,,
olm_(studio),copyright,239,,
oswald_lauren,character,239,,
spiked_cape,general,239,,
sunflowmon,character,239,,
tali&#039;zorah,character,239,,
tenco,copyright,239,,
wooden_cup,general,239,,
carrera,character,238,,
fuurei_(kancolle),character,238,,
kamen_rider_saber_(series),copyright,238,,
kindaichi_shounen_no_jikenbo,copyright,238,,
lanxi_zhen,copyright,238,,
lefiya_viridis,character,238,,
meikoku_gakuen_taidou_hen,copyright,238,,
nijigen_kanojo,copyright,238,,
print_capelet,general,238,,
sakamata_chloe_(dark_casual),character,238,,
vanessa_(fnaf),character,238,,
wooden_pencil,general,238,,
yuuyaki_(senran_kagura),character,238,,
aniya-san_change!,copyright,237,,
bachou_mouki_(ikkitousen),character,237,,
caron_(rall),character,237,,
con_(fate),character,237,,
dead_rising,copyright,237,,
female_protagonist_(houkago_play),character,237,,
five_nights_at_freddy&#039;s_2,copyright,237,,
gottsumon,character,237,,
hengen_souki_shine_mirage,copyright,237,,
ito_mika,character,237,,
jennie_(blackpink),character,237,,
kimishima_saki,character,237,,
love_wing_bell,copyright,237,,
morphomon,character,237,,
natsuki_mayu,character,237,,
nico_robin_(whisky_peak),character,237,,
string_of_pearls,general,237,,
succubus_soon,copyright,237,,
tassel_pasties,general,237,,
tiona_hyryute,character,237,,
towa_(slow_damage),character,237,,
waiting_for_kiss,general,237,,
yu-gi-oh!_tag_force,copyright,237,,
arm_on_own_leg,general,236,,
arming_doublet,general,236,,
august_von_parseval_(the_conquered_unhulde)_(azur_lane),character,236,,
black_rabbit_(animal),general,236,,
boku_no_himitsu_taiken,copyright,236,,
cherry_print_panties,general,236,,
detached_horns,general,236,,
garfield_logan,character,236,,
giraffe_girl,general,236,,
goddess_robe,general,236,,
hiiragi_kozue,character,236,,
karate_chop,general,236,,
lacrimosa_(nte),character,236,,
landing_strip_(aircraft),general,236,,
ooshima_isuzu,character,236,,
sawatari_kotone,character,236,,
stella_hoshii,character,236,,
sue_(grandia),character,236,,
ursula_(fire_emblem:_the_blazing_blade),character,236,,
zaregoto_series,copyright,236,,
andrea_davenport,character,235,,
babumi!_atashi_ga_uminaoshite_yan_yo!,copyright,235,,
diaper_under_clothes,general,235,,
glowing_mask,general,235,,
hero_(pokemon_conquest),character,235,,
hex_maniac&#039;s_moomoo_milk_(meme),general,235,,
koborii_(amaburi),character,235,,
lina_kontiola,character,235,,
masaoka_mai,character,235,,
nitta_io,character,235,,
paint_in_hair,general,235,,
rapunzel_(fairy_tale),copyright,235,,
sea_serpent,general,235,,
silver,general,235,,
silver_crystal_(sailor_moon),general,235,,
single_tooth,general,235,,
sonic_and_the_black_knight,copyright,235,,
suzuya_(christmas)_(kancolle),character,235,,
teardrop_earring,general,235,,
tenshi_no_3p!,copyright,235,,
tokura_misaki,character,235,,
two-tone_robe,general,235,,
underwear_peek,general,235,,
ai_shimai,copyright,234,,
bakuten_shoot_beyblade,copyright,234,,
colt&#039;s_manufacturing_company,copyright,234,,
cum_on_gloves,general,234,,
heart_(mad_rat_dead),character,234,,
king_cobra_(kemono_friends),character,234,,
kokubunji_koyori,character,234,,
nagumo_tetora,character,234,,
rpg_maker_game,general,234,,
shirt_aside,general,234,,
side-by-side-barreled_shotgun,general,234,,
terence_t._d&#039;arby,character,234,,
white_polka_dots,general,234,,
zakuzaku_actors,copyright,234,,
airy_(bravely_default),character,233,,
bird_costume,general,233,,
formidable_(timeless_classics)_(azur_lane),character,233,,
inkling_(squid_form),general,233,,
kikai_sentai_zenkaiger,copyright,233,,
kirby&#039;s_dream_land,copyright,233,,
kyonyuu_onna_senshi_dogeza_saimin,copyright,233,,
lofter,general,233,,
nanocore,copyright,233,,
nukidoki!,copyright,233,,
red_desire_(divine_raiment)_(umamusume),character,233,,
ro-500_(swimsuit)_(kancolle),character,233,,
russia_(female)_(hetalia),character,233,,
scootaloo,character,233,,
stained_underwear,general,233,,
tanigawa_yuzu,character,233,,
tojo_yuki,character,233,,
transparent_midriff,general,233,,
tsubame_(senran_kagura),character,233,,
under_the_witch,copyright,233,,
air-to-air_missile,general,232,,
amane_(dream_c_club),character,232,,
cheval_grand_(summer_calm_navy_drop)_(umamusume),character,232,,
grey_blazer,general,232,,
iijima_renka,character,232,,
kandagawa_jet_girls,copyright,232,,
kuga_yuuma,character,232,,
kusakabe_maron,character,232,,
nightshirt,general,232,,
ragnarok_(soul_eater),character,232,,
reactor_(module),character,232,,
regalia_the_three_sacred_stars,copyright,232,,
reverse_newhalf_with_male,general,232,,
rifle-caliber_pistol,general,232,,
riko_(mahou_girls_precure!),character,232,,
senjou_no_valkyria_4,copyright,232,,
sernia_iori_flameheart,character,232,,
shimura_tae,character,232,,
sorano_aoi,character,232,,
takahara_hairi,character,232,,
torahiko_oshima,character,232,,
wanda_(one_piece),character,232,,
worth_fighting_for,copyright,232,,
angeling,character,231,,
cairngorm_(houseki_no_kuni),character,231,,
checkered_wall,general,231,,
hisanuma_sayu,character,231,,
kamijo_rui,character,231,,
layered_shorts,general,231,,
monobrow,general,231,,
poporon_(jashin-chan_dropkick),character,231,,
pururun_cafe,copyright,231,,
rindou_akiho,character,231,,
ruu_ruu,character,231,,
sword_art_online:_unleashed_blading,copyright,231,,
tokime_(fuuto_tantei),character,231,,
touhou_arcadia_record,copyright,231,,
transforming_weapon,general,231,,
aeldari,character,230,,
aqua_feathers,general,230,,
biting_breast,general,230,,
bras_d&#039;honneur,general,230,,
char&#039;s_counterattack_-_beltorchika&#039;s_children,copyright,230,,
colored_veins,general,230,,
glance,general,230,,
gunshot,general,230,,
herissmon,character,230,,
kaa-chan_no_tomodachi_ni_shikotteru_tokoro_mirareta,copyright,230,,
kaine_(nier)_(cosplay),general,230,,
kyouko_aniya_(aniya-san_change!),character,230,,
leaf_in_mouth,general,230,,
matsumura_fuuka,character,230,,
mia_(world_flipper),character,230,,
taking_off_gloves,general,230,,
temenos_mistral,character,230,,
teresa_beria,character,230,,
tullece,character,230,,
yu-gi-oh_(card),general,230,,
zen&#039;in_naoya,character,230,,
amalia_sheran_sharm,character,229,,
backflip,general,229,,
clawed_hands,general,229,,
duryodhana_(fate),character,229,,
f&amp;c,copyright,229,,
gold_saucer,general,229,,
hair_held_back,general,229,,
hanasaki_work_spring,copyright,229,,
hu-li_the_jewel_mikanko,character,229,,
huge_tongue,general,229,,
mesu_game_~tsukamareba_soku_nakadashi!_100_hyaku_oku-en_to_chijoku_o_kaketa_survival~,copyright,229,,
mienumon,character,229,,
open_happi,general,229,,
princess_heart_link_~kenki-tachi_no_enbu~,copyright,229,,
protagonist_(tokimemo_gs3),character,229,,
rizu-kyun_(cosplay),general,229,,
sasha_(animal_crossing),character,229,,
satsuki_yomi,character,229,,
shading,general,229,,
shinigami_bocchan_to_kuro_maid,copyright,229,,
tooyama_rin,character,229,,
tsukuyo,character,229,,
v&amp;u_entertainment,copyright,229,,
1245,general,228,,
ascii_art,general,228,,
baji_keisuke,character,228,,
candy_cane_(rumble_roses)_(cosplay),general,228,,
dancer&#039;s_costume_(dq),general,228,,
digimon_seekers,copyright,228,,
fluffy_collar,general,228,,
fur-trimmed_bodysuit,general,228,,
gamera_2:_attack_of_legion,copyright,228,,
hair_dye,general,228,,
head_on_knees,general,228,,
koi_to_mizugi_to_taiyo_to,copyright,228,,
kurushima_kaede,character,228,,
kyuuketsuki_sugu_shinu,copyright,228,,
nami_(one_piece)_(post-timeskip),character,228,,
nana_(series),copyright,228,,
pineapple_print,general,228,,
rolling_star,copyright,228,,
sam_samsung,general,228,,
self_bondage,general,228,,
the_dark_urge_(baldur&#039;s_gate),character,228,,
usami_mizuki,character,228,,
welrod_mk_ii,general,228,,
aku_no_onna_kanbu,copyright,227,,
crescent_ornament,general,227,,
doll_on_head,general,227,,
feitan_portor,character,227,,
game_trailer,general,227,,
hizuki_ayana,character,227,,
izumi_reina,character,227,,
kawakami_momoyo,character,227,,
koiito_kinenbi_the_animation,copyright,227,,
liara_t&#039;soni,character,227,,
mitarai_yuuna,character,227,,
pirotess,character,227,,
ranma_1/2_kessen_tougenkyou!_hanayome_wo_torimodose!,copyright,227,,
rush_(mega_man),character,227,,
saegusa_kii,character,227,,
shiki_reika,character,227,,
sonken_chuubou_(ikkitousen),character,227,,
sucking_toes,general,227,,
titania_(fire_emblem),character,227,,
tohno_ren,character,227,,
tsuma_ni_damatte_sokubai-kai_ni_iku_ja_nakatta,copyright,227,,
two-tone_tank_top,general,227,,
united_kingdom_(female)_(hetalia),character,227,,
whentai,copyright,227,,
yumiko_kimura,character,227,,
bloody_penis,general,226,,
carcano_m1891_(girls&#039;_frontline),character,226,,
clementine_(overlord),character,226,,
dusty_(gravity_daze),character,226,,
fps_view,general,226,,
hand_on_belt,general,226,,
heart_cheeks,general,226,,
imai_midori,character,226,,
konomori_kanon,character,226,,
kurenai,copyright,226,,
metal_crab_(arknights),character,226,,
mina_tepes,character,226,,
natsume_maya,character,226,,
okumura_eiji,character,226,,
ooto_ai,character,226,,
pot_(cooking),general,226,,
purple_liquid,general,226,,
seteth_(fire_emblem),character,226,,
sitting_on_hand,general,226,,
sofia_sakharov,character,226,,
tharja_(fire_emblem)_(cosplay),general,226,,
waffle_(company),copyright,226,,
yamuraiha,character,226,,
yu-gi-oh!_gx_tag_force,copyright,226,,
zara_(queen&#039;s_blade)_(cosplay),general,226,,
zebra_girl,general,226,,
adagaki_aki,character,225,,
b-daman,copyright,225,,
bat_mask,general,225,,
biting_another&#039;s_hand,general,225,,
blonde_dog_girl_(ri-net),character,225,,
chica,character,225,,
ciel_alencon,character,225,,
golden_sword,general,225,,
ishida_mitsunari_(sengoku_musou),character,225,,
kongou_mitsuko,character,225,,
konosuba:_an_explosion_on_this_wonderful_world!,copyright,225,,
leg_cuffs,general,225,,
nao_(dream_c_club),character,225,,
nasu_no_yoichi_(drifters),character,225,,
pepper_(pepper&amp;carrot),character,225,,
rajang,character,225,,
ranoa_magic_academy_school_uniform,general,225,,
rokuhira_chihiro,character,225,,
shogakukan,copyright,225,,
silky&#039;s,copyright,225,,
single_loose_sock,general,225,,
stephanie_brown,character,225,,
strapped_down,general,225,,
tennouji_kotarou,character,225,,
toudouin_saki,character,225,,
twinbox_school,copyright,225,,
waiting_for_cum,general,225,,
wallace_(digimon),character,225,,
witch&#039;s_heart,copyright,225,,
avataro_sentai_donbrothers,copyright,224,,
bird&#039;s_eye_view,general,224,,
blue_whale_(kemono_friends),character,224,,
broken_cup,general,224,,
chidouin_sara,character,224,,
eruption,general,224,,
gale_(baldur&#039;s_gate),character,224,,
gen_10_pokemon,general,224,,
heroes_of_the_storm,copyright,224,,
hoto_cocoa&#039;s_school_uniform,general,224,,
inaba_kyouko,character,224,,
inui_yuki,character,224,,
jack_frost_(rise_of_the_guardians),character,224,,
judith_lanster,character,224,,
light_brown_jacket,general,224,,
mario_&amp;_luigi:_brothership,copyright,224,,
multicolored_swim_trunks,general,224,,
nikaidou_shinku,character,224,,
rinna_milford,character,224,,
sanjouno_haruhime,character,224,,
secretary,general,224,,
team_magma_grunt,character,224,,
tensei_colosseum:_saijaku_skill_de_saikyou_no_onna-tachi_wo_kouryaku_shite_dorei_harem_tsukurimasu,copyright,224,,
toy_sword,general,224,,
winged_headwear,general,224,,
yagyuu_juubei_(hyakka_ryouran),character,224,,
amano_megumi,character,223,,
branwen_(queen&#039;s_blade)_(cosplay),general,223,,
elevator_door,general,223,,
gear_print,general,223,,
holding_stomach,general,223,,
honda_futayo,character,223,,
inminent_sex,general,223,,
kishuku_gakkou_no_juliet,copyright,223,,
luna_(my_little_pony),character,223,,
oogami_marina,character,223,,
oukoku_no_shugo_tenshi,copyright,223,,
padded_gloves,general,223,,
red_swim_briefs,general,223,,
saiga_(company),copyright,223,,
sawai_natsuha,character,223,,
scarf_on_head,general,223,,
shademon,character,223,,
souma_hiroomi,character,223,,
tadokoro_megumi,character,223,,
toono_shiki_(original),character,223,,
yahiko_(naruto),character,223,,
.hack//tasogare_no_udewa_densetsu,copyright,222,,
a-chan_(little_busters!),character,222,,
angel_blade_punish,copyright,222,,
antelope_horns,general,222,,
blue_gale,copyright,222,,
blue_nose,general,222,,
ch4i,character,222,,
digimon_world,copyright,222,,
finger_under_clothes,general,222,,
genny_(fire_emblem),character,222,,
gino_weinberg,character,222,,
handa_shin&#039;ichi,character,222,,
hishida_ayame,character,222,,
kaitou_jeanne,character,222,,
legs_on_table,general,222,,
maggot,general,222,,
mario_&amp;_sonic_at_the_olympic_games_(2007),copyright,222,,
nagato_(naruto),character,222,,
natsumi_(date_a_live),character,222,,
pita_ten,copyright,222,,
raifort_(pokemon),character,222,,
rise_of_the_guardians,copyright,222,,
shinano_(dreamy_white_sands)_(azur_lane),character,222,,
special_week_(hopp&#039;n_happy_heart)_(umamusume),character,222,,
swim_briefs_pull,general,222,,
tomica_hyper_rescue_drive_head:_kidou_kyuukyuu_keisatsu,copyright,222,,
asymmetric_gloves,general,221,,
bancholeomon,character,221,,
black_rock_shooter_(cosplay),general,221,,
endou_araya,character,221,,
i-shaped_balance_(meme),general,221,,
jean_(gunnhildr&#039;s_legacy)_(genshin_impact),character,221,,
karin_(fear_&amp;_hunger),character,221,,
pov_weapon,general,221,,
richelieu_(fleuron_of_the_waves)_(azur_lane),character,221,,
rosie_(animal_crossing),character,221,,
sacred_noire,character,221,,
shoemon,character,221,,
studio_fantasia,copyright,221,,
sugimoto_shouko,character,221,,
the_elder_scrolls_iv:_oblivion,copyright,221,,
tongkkangi,copyright,221,,
tongkkangi_(streamer),character,221,,
upa_(steins;gate),character,221,,
vaginal_spreader,general,221,,
watatabe,copyright,221,,
xv-mon,character,221,,
yomi_no_tsugai,copyright,221,,
ambush_(trap),general,220,,
andersen&#039;s_fairy_tales,copyright,220,,
atarashi_coco,character,220,,
bandage_on_thigh,general,220,,
behind_tree,general,220,,
double_bikini,general,220,,
gyakuten_majo_saiban:_chijo_na_majo_ni_sabakarechau,copyright,220,,
hannah_england,character,220,,
hk416_(mod3)_(girls&#039;_frontline),character,220,,
hosokawa_miki,character,220,,
iris_yuma,character,220,,
konohana_lucia,character,220,,
lunatic_(tiger_&amp;_bunny),character,220,,
manhole,general,220,,
mankitsu_happening,copyright,220,,
moana_(movie),copyright,220,,
no_brand_girls,copyright,220,,
orenchi_no_meidosan,copyright,220,,
peach_panther_(kemono_friends),character,220,,
puppet_princess_(marl_kingdom),copyright,220,,
skullgreymon,character,220,,
toudou_chise,character,220,,
yurizaki_mira,character,220,,
amano_megumi_wa_suki_darake!,copyright,219,,
armpit_lips,general,219,,
arms_on_head,general,219,,
betelgammamon,character,219,,
glitch_techs,copyright,219,,
hecatia_lapislazuli_(cosplay),general,219,,
honjoji_akira,character,219,,
insect_tail,general,219,,
joule_(gunvolt),character,219,,
lampion,general,219,,
misawa_maho,character,219,,
mitsunari_(pokemon),character,219,,
ninny_spangcole,character,219,,
olympos_xii,general,219,,
ouma_shuu,character,219,,
saintgalgomon,character,219,,
sonomura_maki,character,219,,
steve_grim,character,219,,
suketto_sanjou!,copyright,219,,
tsurugi_zenjirou,character,219,,
unagiya_ikumi,character,219,,
yuinshiel_asteria,character,219,,
bakugan_battle_brawlers,copyright,218,,
croissant_cookie,character,218,,
epic_games,copyright,218,,
fatal_frame:_maiden_of_black_water,copyright,218,,
ferdinand_(honzuki_no_gekokujou),character,218,,
gold_cape,general,218,,
holding_water,general,218,,
hoshino_ichika_(collar_x_malice),character,218,,
kaminaki_sekai_no_kamisama_katsudou,copyright,218,,
kishitani_shinra,character,218,,
mamonomusume_to_no_seikatsu,copyright,218,,
mogador_(locker_room_lechery)_(azur_lane),character,218,,
mutsu_(gintama),character,218,,
on/off,general,218,,
ran_sem,copyright,218,,
ryu_(breath_of_fire_v),character,218,,
ryuko_redraw_(meme),general,218,,
sabito_(kimetsu),character,218,,
saint-louis_(holy_knight&#039;s_resplendence)_(azur_lane),character,218,,
tv_show,general,218,,
vesti_(nikke),character,218,,
yoshii_akihisa,character,218,,
zabel_zarock,character,218,,
amazon_(dragon&#039;s_crown)_(cosplay),general,217,,
aozora_jumping_heart,copyright,217,,
arms_around_another&#039;s_neck,general,217,,
astamon,character,217,,
beating,general,217,,
bikini_visible_through_clothes,general,217,,
brown_horse,general,217,,
duellist&#039;s_cap_(tier_6),general,217,,
god-emperor_of_mankind,character,217,,
"haru_(no,_thank_you_!!!)",character,217,,
hayasaka_akira,character,217,,
helen_(girls&#039;_frontline_2),character,217,,
hoshizaki_akari,character,217,,
hot_drink,general,217,,
husk_(hazbin_hotel),character,217,,
kamen_rider_ghost_(series),copyright,217,,
kuonji_makoto,character,217,,
kurotsuchi_(naruto),character,217,,
lierre,character,217,,
mizushima_asa,character,217,,
mochizuki_momiji,character,217,,
naegino_sora,character,217,,
naruse_yuu,character,217,,
nipple_bondage,general,217,,
obi_bow,general,217,,
red_circle,general,217,,
ribbon-trimmed_corset,general,217,,
satin_bikini,general,217,,
searching_for_a_world_that_doesn&#039;t_exist,general,217,,
selesia_upitiria,character,217,,
selettrice_vaalmonica,character,217,,
shion_(len&#039;en),character,217,,
sister_scheme_2,copyright,217,,
spectrophilia,general,217,,
suomi_(midsummer_pixie)_(girls&#039;_frontline),character,217,,
trainer_(idolmaster),character,217,,
transparent_capelet,general,217,,
white_rabbit_(cosplay),general,217,,
yaotose_hinako,character,217,,
american,general,216,,
banjo_(banjo-kazooie),character,216,,
baseball_field,general,216,,
daan_(fear_&amp;_hunger),character,216,,
doll_girl,general,216,,
feather-trimmed_gloves,general,216,,
galhound,copyright,216,,
hibana_(enen_no_shouboutai),character,216,,
lal&#039;c_mellk_mal,character,216,,
mai_(future)_(dragon_ball),character,216,,
musse_egret,character,216,,
mutou_mahiro,character,216,,
nerona_imu,character,216,,
night_vision_effect,general,216,,
queen&#039;s_blade_vanquished_queens,copyright,216,,
sigui_(queen&#039;s_blade)_(cosplay),general,216,,
smith_&amp;_wesson,copyright,216,,
tokyo_tenma_devil_prison,copyright,216,,
tree_print,general,216,,
violet_inboots,character,216,,
basilisk_(manga),copyright,215,,
captain_marvel_(carol_danvers),character,215,,
clawed_boots,general,215,,
crown_ornament,general,215,,
cum_in_face,general,215,,
daimon_chika,character,215,,
ddr,copyright,215,,
feet_above_head,general,215,,
fiz_(fizintine),character,215,,
florence_(girls&#039;_frontline_2),character,215,,
fujimi_shobo,copyright,215,,
giga_(company),copyright,215,,
implied_vaginal,general,215,,
japan_(female)_(hetalia),character,215,,
kin&#039;iro_loveriche,copyright,215,,
kira_kira,copyright,215,,
m37_(girls&#039;_frontline),character,215,,
makino_yume,character,215,,
miriam_hildegard_von_gropius,character,215,,
pearl_anklet,general,215,,
princess_guinevere,character,215,,
shachibato,copyright,215,,
sirenmon,character,215,,
star_on_cheek,general,215,,
todoroki_fuyumi,character,215,,
transparent_shorts,general,215,,
vector_(girls&#039;_frontline_2),character,215,,
warrior_(final_fantasy),character,215,,
arm_on_another&#039;s_head,general,214,,
audie_(animal_crossing),character,214,,
bad_girl_(manga),copyright,214,,
basori_tiara,character,214,,
blue_jammers,general,214,,
coquelicot_(sakura_taisen),character,214,,
dango_milk_(genshin_impact),general,214,,
esper_nyanko,character,214,,
frigga_(last_origin),character,214,,
fruit_earrings,general,214,,
juushimatsu&#039;s_girlfriend,character,214,,
king_of_fighters_xiii,copyright,214,,
mahou_shoujo_erena,copyright,214,,
milk_tea,general,214,,
mobile_wallpaper,general,214,,
piercing_condom,general,214,,
plait,general,214,,
ppsh-41_(girls&#039;_frontline),character,214,,
puppy_dog_eyes,general,214,,
qipao_dress,general,214,,
rina_(taimanin_asagi),character,214,,
rocket-propelled_grenade,general,214,,
s1_no.1_style,copyright,214,,
saotome_ako,character,214,,
shared_drink,general,214,,
silent_swordsman,character,214,,
witch_watch,copyright,214,,
yamana_akane,character,214,,
zest,character,214,,
100_shiki_(girls&#039;_frontline),character,213,,
bulge_lift,general,213,,
futuregraph,copyright,213,,
galgomon,character,213,,
glans_licking,general,213,,
houbunsha,copyright,213,,
k11_(girls&#039;_frontline),character,213,,
kokutou_azaka,character,213,,
mk23_(girls&#039;_frontline),character,213,,
moegi_emo,character,213,,
penguin_2-gou,character,213,,
punk_girl_(pokemon),character,213,,
spread_nipples,general,213,,
sunrider,copyright,213,,
the_count_of_monte_cristo_(fate),character,213,,
15_bishoujo_hyouryuuki,copyright,212,,
alear_(female)_(seaside_dragon)_(fire_emblem),character,212,,
astaroth_(taimanin_asagi),character,212,,
ayakashi_rumble!,copyright,212,,
elfen_king,copyright,212,,
gamera:_guardian_of_the_universe,copyright,212,,
hand_on_pussy,general,212,,
hokma_(project_moon),character,212,,
jinnai_enta,character,212,,
marco_diaz,character,212,,
matsumoto_yoriko,character,212,,
meimei_(senran_kagura),character,212,,
minomon,character,212,,
queen&#039;s_blade_white_triangle,copyright,212,,
silent_hill_4:_the_room,copyright,212,,
sitting_on_wall,general,212,,
triad_primus,general,212,,
twitter_thumbnail_collage,general,212,,
utsugi_rangiri,character,212,,
white_sheet,general,212,,
yuramon,character,212,,
akiyama_hayato,character,211,,
boney,character,211,,
chiropmon,character,211,,
chocolate_on_foot,general,211,,
choudenji_robo_combattler_v,copyright,211,,
dogs:_bullets_&amp;_carnage,copyright,211,,
dragon_(arms),general,211,,
fishnet_kneehighs,general,211,,
golden_wings,general,211,,
holding_veil,general,211,,
kinui_rena,character,211,,
koguma_(super_cub),character,211,,
konoha_(arcana_heart),character,211,,
lize_helesta_(school_uniform),character,211,,
mixing,general,211,,
mouse_on_head,general,211,,
multiple_hair_ribbons,general,211,,
natarle_badgiruel,character,211,,
right_shoe_removed,general,211,,
twinkle_(company),copyright,211,,
valkyrie_connect,copyright,211,,
year_1_&amp;_year_2_(squid_game)_(meme),general,211,,
aoba_tsumugi,character,210,,
arabian_oryx_(kemono_friends),character,210,,
aug_(girls&#039;_frontline),character,210,,
bi_yao_(zhu_xian),character,210,,
bloomers_around_one_leg,general,210,,
bolin,character,210,,
bremerton_(day-off_date)_(azur_lane),character,210,,
carbuncle_(reverse:1999),character,210,,
cheetah_(kemono_friends),character,210,,
dreamer_(girls&#039;_frontline),character,210,,
firework_background,general,210,,
honjou_nia,character,210,,
kabuto_daigo,character,210,,
kanna_(blaster_master_zero),character,210,,
komori_yui,character,210,,
mechanical_gloves,general,210,,
mizutani_sakura,character,210,,
mushi_sezaru_wo_enu_machi...!,copyright,210,,
ootori_chihaya,character,210,,
orochi_shermie,character,210,,
prosthetic_head,general,210,,
sage_(granblue_fantasy),character,210,,
seisenki_iris,copyright,210,,
shinano_(dreams_of_the_hazy_moon)_(azur_lane),character,210,,
squad_automatic_weapon,general,210,,
star_detective_precure!,copyright,210,,
akihime_sumomo,character,209,,
anna_(ikeuchi_tanuma),character,209,,
beanie_hat,general,209,,
bound_leg,general,209,,
cerberus_(kemono_friends),character,209,,
chinchilla_girl,general,209,,
eclair_martinozzi,character,209,,
flower-trimmed_sleeves,general,209,,
galarian_farfetch&#039;d,character,209,,
hagoromo_gitsune,character,209,,
handcuff_dangle,general,209,,
heaven&#039;s_door,character,209,,
illustrious_(maiden_lily&#039;s_radiance)_(azur_lane),character,209,,
kouzuki_nana,character,209,,
lookism,copyright,209,,
mizuori_shizuku,character,209,,
pastel_(twinbee),character,209,,
pokemon_mystery_dungeon:_explorers_of_time/darkness/sky,copyright,209,,
puyoyomon,character,209,,
rotary_machine_gun,general,209,,
saionji_natsu,character,209,,
shachou_batoru_no_jikan_desu!,copyright,209,,
take-off,general,209,,
team_galactic_grunt,character,209,,
tobari_ren,character,209,,
tobi,character,209,,
toujou_mizuho,character,209,,
tsukimura_kaede,character,209,,
uniform_vest,general,209,,
ura_kyoushi_haitoku_no_inetsu_jugyou,copyright,209,,
wrestling_boots,general,209,,
yae_sakura_(flame_sakitama),character,209,,
bass.exe_(mega_man),character,208,,
charlotta_skopovskaya,character,208,,
fender_(company),general,208,,
h&#039;aanit_(octopath_traveler),character,208,,
half-dress,general,208,,
matsunaga_ayaka,character,208,,
print_innertube,general,208,,
serizawa_nao,character,208,,
shiunji-ke_no_kodomotachi,copyright,208,,
shorts_lift,general,208,,
tiphereth_b_(project_moon),character,208,,
tsukishiro_yukito,character,208,,
tsumugi_(blue_archive),character,208,,
uma_(renkin_san-kyuu_magical_pokaan),character,208,,
unionism_quartet,copyright,208,,
wet_jacket,general,208,,
wolfgang_amadeus_mozart_(classicaloid),character,208,,
akutagawa_ryuunosuke_(bungou_stray_dogs),character,207,,
andiramon_(deva),character,207,,
enjoji_michiru,character,207,,
floral_print_jacket,general,207,,
fujisaki_ai,character,207,,
gloire_(kancolle),character,207,,
haitani_ran,general,207,,
kagari_(rewrite),character,207,,
kazehaya_tatsumi,character,207,,
kishin_douji_zenki,copyright,207,,
kusakabe_mei,character,207,,
landing_gear,general,207,,
"meikoku_gakuen_jutai_hen:_onegaishimasu......_sensei_no_seieki_de,_watashi-tachi_wo_tasukete_hoshiin_desu!",copyright,207,,
motto_nee_chanto_shiyou_yo!,copyright,207,,
portal_2,copyright,207,,
punkish_gothic,general,207,,
severed_penis,general,207,,
shota_with_trap,general,207,,
sorakado_ai,character,207,,
surveillance_camera,general,207,,
takashima_zakuro,character,207,,
tira_(soulcalibur),character,207,,
transparent_nightgown,general,207,,
two-tone_collar,general,207,,
wario_land:_shake_it!,copyright,207,,
yagyuu_kyuubei,character,207,,
yukiko_hime,character,207,,
aegir_(golden_dragon_among_auspicious_clouds)_(azur_lane),character,206,,
anne_shirley,character,206,,
elbow_cutout,general,206,,
enigma_(reverse:1999),character,206,,
hibino_kafka,character,206,,
idolmaster_starlit_season,copyright,206,,
invincible_dragon_(last_origin),character,206,,
jennifer_walters,character,206,,
kuji_toi,character,206,,
mabui_(naruto),character,206,,
mirror_behind,general,206,,
rulutieh,character,206,,
sanzomon,character,206,,
taiga_(kanojo_ga_ore_ni_kureta_mono._ore_ga_kanojo_ni_ageru_mono.),character,206,,
team_rainbow_rocket_grunt,character,206,,
unison,general,206,,
vampirella,copyright,206,,
arc_the_lad_iii,copyright,205,,
bar_soap,general,205,,
broken_ground,general,205,,
checkmark,general,205,,
chrome_(mon-musu_quest!),character,205,,
cupitan_(granblue_fantasy),character,205,,
falcomon,character,205,,
haruna_(aoki_hagane_no_arpeggio),character,205,,
hercules_(disney),character,205,,
hitamu_kyan,character,205,,
holding_own_hand,general,205,,
jungle_wa_itsumo_hare_nochi_guu,copyright,205,,
katsura_kokoro,character,205,,
lana_(fire_emblem),character,205,,
ma_wo_haramu_buki,copyright,205,,
mii_(popotan),character,205,,
persona_4:_the_ultimax_ultra_suplex_hold,copyright,205,,
rabbit_symbol,general,205,,
ron_weasley,character,205,,
ruquia,character,205,,
sword_of_convallaria,copyright,205,,
sylvia_(konosuba),character,205,,
tinkermon,character,205,,
transparent_towel,general,205,,
vampirella_(character),character,205,,
zaft_uniform,general,205,,
askeladd,character,204,,
breast_pull,general,204,,
chipmunk_costume,general,204,,
clint_barton,character,204,,
cryska_barchenowa,character,204,,
cyborg_(dc),character,204,,
dorulumon,character,204,,
evelyn_celebrian,character,204,,
flay_allster,character,204,,
fujishima_megumi_(post-graduation_casual),character,204,,
gimpsuit,general,204,,
haruka_(suit)_(blue_archive),character,204,,
hitomi_my_stepsister,copyright,204,,
iwaizumi_hajime,character,204,,
kagura_rei,character,204,,
light_valkyrie_(p&amp;d),character,204,,
ludwig_van_beethoven_(classicaloid),character,204,,
marine_uniform_(one_piece),general,204,,
midorikawa_lettuce,character,204,,
paine,character,204,,
pica,character,204,,
pteromon,character,204,,
rebecca_(fire_emblem),character,204,,
reika_mesuinu_choukyou_xx_ni_okasarete,copyright,204,,
ryuukyuu,character,204,,
sabrina_(girls&#039;_frontline_2),character,204,,
sailing,general,204,,
shikabane_itsuka,character,204,,
veiny_neck,general,204,,
wraith&#039;s_kunai,general,204,,
zone_of_the_enders:_the_2nd_runner,copyright,204,,
blue_detached_collar,general,203,,
enome,character,203,,
erstin_ho,character,203,,
fortune_(last_origin),character,203,,
fuka-chan,character,203,,
fuu_(naruto),character,203,,
godzilla_vs._biollante,copyright,203,,
heart_belt_buckle,general,203,,
higuchi_seika,character,203,,
magical_mojikawa,character,203,,
massachusetts_(dressed_to_impress)_(azur_lane),character,203,,
mian_(dream_c_club),character,203,,
partial_transformation,general,203,,
ragnarok_(demon_sword),character,203,,
ratchet_&amp;_clank,copyright,203,,
scar_on_head,general,203,,
souta_(os),character,203,,
two-sided_hood,general,203,,
vector_the_crocodile,character,203,,
white_bomberman,character,203,,
behemoth_(nikke),character,202,,
buttoning,general,202,,
charlotte_izoard,character,202,,
contender_(girls&#039;_frontline),character,202,,
cross-laced_pants,general,202,,
digimon_world_3,copyright,202,,
dolphin_print,general,202,,
genda_koujirou,character,202,,
grabbing_another&#039;s_thigh,general,202,,
hizuki_touko,character,202,,
joseph_king,character,202,,
katase_shima,character,202,,
kunugi_chiaki,character,202,,
metallica_(majo_to_hyakkihei),character,202,,
nail_polish_brush,general,202,,
nani_pelekai,character,202,,
nikaidou_reika_(aigan_reijou),character,202,,
panther_chameleon_(kemono_friends),character,202,,
pause_button,general,202,,
same_birthday,general,202,,
seox_(granblue_fantasy),character,202,,
serena_(violated_heroine),character,202,,
spyro_(series),copyright,202,,
tibarn_(fire_emblem),character,202,,
tug,general,202,,
blue_toenails,general,201,,
bremerton_(relaxation_consultation)_(azur_lane),character,201,,
bridget_verdant,character,201,,
button_shirt,general,201,,
cuphead,character,201,,
denmark_(hetalia),character,201,,
donquixote_pirates,general,201,,
ecchi_na_bunny-san_wa_kirai?_2,copyright,201,,
felsi_rollo,character,201,,
godzilla_vs._king_ghidorah,copyright,201,,
guilty+,copyright,201,,
junomon,character,201,,
kusunoki_midori,character,201,,
labia_clamps,general,201,,
legwear_cutout,general,201,,
luminous_arc_2,copyright,201,,
lwmmg_(girls&#039;_frontline),character,201,,
mighty_yukiko,character,201,,
pierre_(idolmaster),character,201,,
plugsuit_(cosplay),general,201,,
rocket_(av),copyright,201,,
sato_masuki,character,201,,
sheria_blendy,character,201,,
shooting_star_(symbol),general,201,,
strapless_kimono,general,201,,
tongue_under_foreskin,general,201,,
ushiromiya_rudolf,character,201,,
yai_ayanokoji_(mega_man),character,201,,
yamanishi_naoto,character,201,,
zygarde_core,character,201,,
alexstrasza,character,200,,
andrew_kreiss,character,200,,
aqua_(konosuba)_(cosplay),general,200,,
arato_hisako,character,200,,
chigusa_asuha,character,200,,
edging_underwear,general,200,,
fairly_oddparents,copyright,200,,
harukawa_sora,character,200,,
hinekuremono_no_gakuen_seishun_monogatari,copyright,200,,
hozuki&#039;s_coolheadedness,copyright,200,,
izumi_(queen&#039;s_blade),character,200,,
kagami_matsuri,character,200,,
kim_possible,character,200,,
knee_spikes,general,200,,
lu_chen,character,200,,
ms._marvel_(carol_danvers),character,200,,
mumei_nanashi,general,200,,
nagasarete_airantou,copyright,200,,
nakajima_atsushi_(bungou_stray_dogs),character,200,,
nest_ball,general,200,,
nina_(breath_of_fire_i),character,200,,
obstructed_view,general,200,,
oyakodon_oppai_tokumori_bonyuu_shirudaku_de,copyright,200,,
pure_vanilla_cookie,character,200,,
rafe_railway_(afunai),copyright,200,,
shin_megami_tensei_iv:_apocalypse,copyright,200,,
stepmother,general,200,,
tail_around_arm,general,200,,
theresa_apocalypse_(schicksal&#039;s_imperative),character,200,,
violet_(ac8231),character,200,,
.hack//sign,copyright,199,,
aida_rion,character,199,,
akiba&#039;s_trip,copyright,199,,
alabasta,general,199,,
asakusa_natsuki,character,199,,
battleborn,copyright,199,,
chaos_gerda_(gakuen)_(grimms_notes),character,199,,
false_clothes,general,199,,
food_on_hair,general,199,,
goombella,character,199,,
has_revision,general,199,,
hasekura_misato,character,199,,
isshiki-san_wa_koi_wo_shiritai.,copyright,199,,
kakkou_no_iinazuke,copyright,199,,
konno_suzuka,character,199,,
kyouran_kazoku_nikki,copyright,199,,
mew_mint,character,199,,
mid-stride,general,199,,
monster_hunter_stories,copyright,199,,
mutsushika_misumi,character,199,,
nanase_nanami_(heaven_burns_red),character,199,,
nei_(os),character,199,,
nibelheim,general,199,,
orange_swim_trunks,general,199,,
paw_print-shaped_pupils,general,199,,
pink_toenails,general,199,,
samurai_(final_fantasy),character,199,,
taleskko_collection,copyright,199,,
tamaki_ako,character,199,,
tierno_(pokemon),character,199,,
toriumi_hinata,character,199,,
wet_pants,general,199,,
wrist_garter,general,199,,
zeke_yeager,character,199,,
amagami_yuna,character,198,,
ayase_naru,character,198,,
button_dress,general,198,,
cylinder,general,198,,
ena_(web_series),copyright,198,,
erika_la_etienne,character,198,,
ex-tyranomon,character,198,,
fake_nose,general,198,,
fragmentation_grenade,general,198,,
fujiwara_zakuro,character,198,,
gold_cloth_(saint_seiya),general,198,,
hwasan_gwihwan,copyright,198,,
ichijou_ayaka,character,198,,
iris_papillon,character,198,,
kagami_tina,character,198,,
kanroji_mitsuri_(cosplay),general,198,,
katsura_hajime,character,198,,
mizutani_sumire,character,198,,
nove_(nanoha),character,198,,
oichi_(pokemon_conquest),character,198,,
rakuyo_(bloodborne),general,198,,
revolver_grenade_launcher,general,198,,
sanada_yuki,character,198,,
sequential_set,general,198,,
shiki_(digimon_world_-next_0rder-),character,198,,
shikiya_yumeko,character,198,,
shirayuri_sakura,character,198,,
silk_(marvel),character,198,,
slow_motion,general,198,,
taller_than_canon,general,198,,
tenioha!_onna_no_ko_datte_honto_ha_ecchi_da_yo?,copyright,198,,
tenma_mitsuru,character,198,,
tione_hyryute,character,198,,
unlit_cigarette_in_mouth,general,198,,
velcro_footwear,general,198,,
yanagawa_misaki,character,198,,
adk-em,copyright,197,,
bebe-tan,character,197,,
beryl_bouanich,character,197,,
body_chain,general,197,,
bondage_male,general,197,,
bowing_seiza,general,197,,
data_(mega_man),character,197,,
eupha_(metaphor:_refantazio),character,197,,
flurry_of_punches,general,197,,
john_rottweil_(dickfish),character,197,,
kagurazaka_miyu,character,197,,
kenzen_robo_daimidaler,copyright,197,,
long_sleeved_jacket,general,197,,
lulu_obsidian,character,197,,
maita_rui,character,197,,
mega_man_x8,copyright,197,,
miss_crane_(fate),character,197,,
mitsuyubi,general,197,,
oumi_shiori,character,197,,
pretty_waitress_(idolmaster),general,197,,
sasa_kazamori,character,197,,
shielder_(fate/grand_order)_(cosplay),general,197,,
tendou_satori,character,197,,
the_legend_of_zelda:_tri_force_heroes,copyright,197,,
watanabe_kanako,character,197,,
zhu_yaoxing,character,197,,
anju_(utawarerumono),character,196,,
asakura_yume,character,196,,
bashoku_youjou,character,196,,
cheshire_cat_(monster_girl_encyclopedia),character,196,,
chouhi_ekitoku_(ikkitousen),character,196,,
close_and_open_demons_and_the_dead_(vocaloid),copyright,196,,
digimon_collectors,copyright,196,,
fatal_frame_5,copyright,196,,
fishnet_bra,general,196,,
g-queen,copyright,196,,
gleipnir_(series),copyright,196,,
guilty_gear_2,copyright,196,,
hiuchidani_mei,character,196,,
kobayashi_rindou,character,196,,
kura_satomi,character,196,,
mochida_eiichi,character,196,,
monster_hunter_3_g,copyright,196,,
recoilless_gun,general,196,,
renee_roberts,character,196,,
return_of_the_blossoming_blade,copyright,196,,
rui_(chapio),character,196,,
sarutobi_sasuke_(sengoku_basara),character,196,,
springfield_(girls&#039;_frontline_2),character,196,,
telescopic_sight,general,196,,
toaru_majutsu_no_index_gaiden:_toaru_kagaku_no_mental_out,copyright,196,,
toe_claws,general,196,,
toriko_no_shizuku,copyright,196,,
white_facepaint,general,196,,
yoo_sangah,character,196,,
yunohana_yuuna,character,196,,
zheng_chenggong_(fate),character,196,,
buena_vista_(heroina_inocente)_(umamusume),character,195,,
character_balloon,general,195,,
chipped_tooth,general,195,,
flower_pin,general,195,,
fully_powered_cartridge,general,195,,
h&amp;k_mp5k,general,195,,
hammann_(retrofit)_(azur_lane),character,195,,
harukaze_yayoi_(ryoujoku_gakuen),character,195,,
hiking,general,195,,
kyocho_chuukou_(ikkitousen),character,195,,
lumera_(fire_emblem),character,195,,
maid-san_to_boin_damashii,copyright,195,,
mashu,character,195,,
mercuria_(reverse:1999),character,195,,
modular_weapon_system,general,195,,
nnoitra_gilga,character,195,,
no_ears,general,195,,
penguin_1-gou,character,195,,
s_shield,general,195,,
sangou_shizuku,character,195,,
sengoku_ace,copyright,195,,
serval_(kemono_friends)_(cosplay),general,195,,
shiina_asahi,character,195,,
skorpion_(girls&#039;_frontline),character,195,,
violet_(closers),character,195,,
walkway,general,195,,
white_swim_briefs,general,195,,
wolf_rpg_editor,copyright,195,,
yukimura_yoichi,character,195,,
aeiou_(yoako),character,194,,
alphamon_ouryuken,character,194,,
amber_(darker_than_black),character,194,,
american_mcgee\&#039;s_alice,general,194,,
chikanoko,copyright,194,,
demon_master_chris,copyright,194,,
dragonborn_(skyrim),character,194,,
eleonor_(taimanin),character,194,,
ephnel,character,194,,
espimon,character,194,,
feather_cape,general,194,,
g28_(girls&#039;_frontline),character,194,,
gummigoo,character,194,,
hachiware_(chiikawa),character,194,,
ice_horns,general,194,,
jacket_off_shoulders,general,194,,
kaioushin,general,194,,
kissing_thigh,general,194,,
kurasawa_anzu,character,194,,
kurata_tome,character,194,,
leather_leotard,general,194,,
maliss_&lt;p&gt;_white_rabbit,character,194,,
matsunae_tsugumi,character,194,,
misakino_kukuru,character,194,,
osanai_(shashaki),character,194,,
primal_kyogre,character,194,,
red_leash,general,194,,
sadaharu,character,194,,
sakuya_(p&amp;d),character,194,,
shapes,general,194,,
shirt_writing,general,194,,
single_legwear,general,194,,
succubus_yondara_haha_ga_kita!?,copyright,194,,
super_mario_world_2:_yoshi&#039;s_island,copyright,194,,
tanaka_ichi,character,194,,
universe,general,194,,
washing_dishes,general,194,,
yagami_yuuko,character,194,,
yoichi_yukimura,character,194,,
zanpakutou_(spirit),general,194,,
alicia_arctours,character,193,,
aria_(human)_(discordant_note)_(zenless_zone_zero),character,193,,
astarte_(surio),character,193,,
beelzebumon_(digimon_xros_wars),character,193,,
card_quest,copyright,193,,
celestia_(my_little_pony),character,193,,
clown_boy,general,193,,
daremo_ga_kanojo_wo_neratteru,copyright,193,,
fur_armlet,general,193,,
hidden_phantom_(mega_man),character,193,,
jeong_taeui,character,193,,
karasuma_shizuku,character,193,,
luna_luna_(queen&#039;s_blade),character,193,,
mashin_sentai_kiramager,copyright,193,,
mine_(akame_ga_kill!),character,193,,
mobius_strip,general,193,,
ninja_gaiden:_dragon_sword,copyright,193,,
oyakodon_oppai_tokumori_bonyuu_tsuyudaku_de,copyright,193,,
park_moo-hyun,character,193,,
saionji_reimi,character,193,,
sansha_san&#039;you,copyright,193,,
shibou_yuugi_de_meshi_wo_kuu.,copyright,193,,
shin_kamen_rider,copyright,193,,
takamine_miyu,character,193,,
tosa_(hometown_zest)_(azur_lane),character,193,,
tosen_jordan_(jokester_vibes)_(umamusume),character,193,,
white_tiger_(kemono_friends),character,193,,
womb_stimulation,general,193,,
zuikaku_(the_wind&#039;s_true_name)_(azur_lane),character,193,,
amano_taichi,character,192,,
asagiri_yuka,character,192,,
baltimore_(black_ace)_(azur_lane),character,192,,
bergman&#039;s_bear_(kemono_friends),character,192,,
black_dragon_(kemono_friends),character,192,,
bow_legged,general,192,,
dana_iclucia,character,192,,
dracomon,character,192,,
greaseberries,copyright,192,,
iinazuke_wa_imouto-sama!,copyright,192,,
isis_petrovna_ellenskaia,character,192,,
kalluto_zoldyck,character,192,,
lafiel,character,192,,
marie_(splatoon)_(cosplay),general,192,,
mix_(aquarion),character,192,,
moon_uniform_(houseki_no_kuni),general,192,,
pink_detached_collar,general,192,,
ronye_arabel,character,192,,
sasaki_rika,character,192,,
scream_(movie),copyright,192,,
shackled,general,192,,
shelly_(pokemon_oras),character,192,,
snake_hood,general,192,,
stock_(firearm),general,192,,
transparent_bridal_gauntlets,general,192,,
aozora_middle_school_uniform,general,191,,
aseprite_(medium),general,191,,
big_bird_(project_moon),character,191,,
d.o.,copyright,191,,
diarbbitmon,character,191,,
eye_on_hat,general,191,,
fairy_(girls&#039;_frontline),character,191,,
flesh_wall,general,191,,
fujimaki_(angel_beats!),character,191,,
gundam_card_builder,copyright,191,,
hk416_(starry_cocoon)_(girls&#039;_frontline),character,191,,
holding_feet,general,191,,
hooksoft,copyright,191,,
itakano_shigure,character,191,,
kyousougiga,copyright,191,,
large_belt,general,191,,
leg_on_another&#039;s_shoulder,general,191,,
lucy_steel,character,191,,
mamiya_inori,character,191,,
moroha_(inuyasha),character,191,,
nakase_katsumi,character,191,,
phi_(kyokugen_dasshutsu),character,191,,
pink_light,general,191,,
reindeer_boy,general,191,,
robe_partially_removed,general,191,,
shinjo_hinaki,character,191,,
sightseer_(pokemon),character,191,,
skirt_under_kimono,general,191,,
slave_clothes,general,191,,
stitched_hand,general,191,,
tensa_zangetsu_(bankai),general,191,,
tiese_schtrinen,character,191,,
tsuruno_satsuki,character,191,,
yellow_diamond_(houseki_no_kuni),character,191,,
yukidarumon,character,191,,
2020s,general,190,,
aina_winchester,character,190,,
bucchigiri?!,copyright,190,,
d-reaper,character,190,,
dropped_object,general,190,,
g3_(girls&#039;_frontline),character,190,,
gym_badge,general,190,,
himegami_aisa,character,190,,
kamoshida_suguru,character,190,,
kashiwagi_tsubasa,character,190,,
kirishima_(aoki_hagane_no_arpeggio),character,190,,
magnum_cartridge,general,190,,
mama_x_holic,copyright,190,,
marching,general,190,,
mary_skelter,copyright,190,,
mmmmf_fivesome,general,190,,
mouth_submerged,general,190,,
rainbow_wings,general,190,,
segmented_horns,general,190,,
shinomiya_rurina,character,190,,
shirayuki_noa,character,190,,
spoils_of_war,general,190,,
super_shorty_(girls&#039;_frontline),character,190,,
umegiri_ameto,character,190,,
vice_(alchemy_stars),character,190,,
western_parotia_(kemono_friends),character,190,,
wrist_wings,general,190,,
blue_liquid,general,189,,
cap&#039;n_cuttlefish,character,189,,
ceresmon,character,189,,
crop_top_lift,general,189,,
fighter_(goblin_slayer!),character,189,,
final_fantasy_brave_exvius,copyright,189,,
flower_halo,general,189,,
getter-1,character,189,,
hankouteki_na_yankee_shoujo,copyright,189,,
harley_quinn_(cosplay),general,189,,
hasaha,character,189,,
ibaraki_douji&#039;s_arm,character,189,,
joseph_oda,character,189,,
kamen_rider_vice,character,189,,
kirin_(kemono_friends),character,189,,
kuroinu_2,copyright,189,,
lmg_cartridge,general,189,,
magical_girl_lilith,character,189,,
okusama_wa_moto_yari_man,copyright,189,,
orifushi_akina,character,189,,
out_of_npc_jail,general,189,,
sakura_akari,character,189,,
seo_yuzuki,character,189,,
shimai_don~shirudaku_de~,copyright,189,,
squeezing_cheeks,general,189,,
stylet,character,189,,
teeth_print,general,189,,
the_oblongs,copyright,189,,
tiny_kong,character,189,,
transparent_apron,general,189,,
uchuu_kaizoku_sara,copyright,189,,
wave_the_swallow,character,189,,
yamaba_yume,character,189,,
zap_renfro,character,189,,
anubis:_zone_of_the_enders,copyright,188,,
bela_dimitrescu,character,188,,
boin,copyright,188,,
centaureissi_(girls&#039;_frontline_2),character,188,,
cheep_cheep,character,188,,
chisato_(mahotama),character,188,,
common_vampire_bat_(kemono_friends),character,188,,
darkknightmon,character,188,,
elias_ainsworth,character,188,,
elly_(tonari_no_kyuuketsuki-san),character,188,,
father&#039;s_day,general,188,,
gachimuchi_pants_wrestling,copyright,188,,
granberia,character,188,,
green_liquid,general,188,,
hakutaku_(hoozuki_no_reitetsu),character,188,,
himeyuri_sango,character,188,,
igawa_asagi_(clone),character,188,,
kou_(granblue_fantasy),character,188,,
kurousagi_(mondaiji),character,188,,
lever,general,188,,
line:_monster_farm,copyright,188,,
lotion_play,general,188,,
m1_garand_(girls&#039;_frontline),character,188,,
maaru_tougou_(cosplay),general,188,,
minagi_koharu,character,188,,
minase_nagisa,character,188,,
mito_youhei,character,188,,
odds_&amp;_ends_(vocaloid),copyright,188,,
president_maa,character,188,,
prospera_mercury,character,188,,
sengoku_blade,copyright,188,,
squeez,copyright,188,,
sugisaki_miku,character,188,,
tearlaments_scheiren,character,188,,
type_80_(girls&#039;_frontline),character,188,,
yaya_(machine-doll),character,188,,
agl_arms_.45_long_colt,general,187,,
appetite,copyright,187,,
broken_handcuffs,general,187,,
color_background,general,187,,
flamme_(sousou_no_frieren),character,187,,
frankenstein&#039;s_monster_(swimsuit_saber)_(first_ascension)_(fate),character,187,,
garden_~takamine-ke_no_nirinka~,copyright,187,,
garderobe_uniform,general,187,,
giant_armadillo_(kemono_friends),character,187,,
haitani_rindou,character,187,,
haru_estia,character,187,,
helter_skelter,copyright,187,,
insomni_(yo-kai_watch),character,187,,
inuwaka_akane,character,187,,
kadokawa_games,copyright,187,,
kamimura_chika,character,187,,
ki_(druaga),character,187,,
leaf_(black_souls),character,187,,
misumaru_yurika,character,187,,
misuzu_yukiko,character,187,,
nintendo_nes,general,187,,
onodera_karen,character,187,,
powered_ciel,character,187,,
prometheus_(mega_man),character,187,,
rupee_(rabbit_deluxe)_(nikke),character,187,,
sagami_jun,character,187,,
saikyou_ginga_ultimate_zero_~battle_spirits~,copyright,187,,
scar_on_hip,general,187,,
sense_blocking_pit,general,187,,
seulgi_(red_velvet),character,187,,
star!!,general,187,,
white_lily_cookie,character,187,,
wrists_to_legs,general,187,,
xuhuai_(the_legend_of_luo_xiaohei),character,187,,
yoohee_(girls&#039;_frontline_2),character,187,,
zoids_chaotic_century,copyright,187,,
andromeda_shun,character,186,,
aranea_highwind,character,186,,
childhood_friend_(ominaeshi),character,186,,
dashing,general,186,,
glimmora,character,186,,
goddess_headdress,general,186,,
hitomi_hirosuke_(sayonara_wo_oshiete),character,186,,
holding_wheat,general,186,,
joe_(sk8),character,186,,
kaeri_no_kai,copyright,186,,
kurashiki_reina,character,186,,
kuromukuro,copyright,186,,
melissabelle,character,186,,
mexican_flag,general,186,,
momobami_kirari,character,186,,
munechika,character,186,,
nagisa_sayoko,character,186,,
official_alternate_skin_color,general,186,,
older_male_and_younger_male,general,186,,
one-piece_swimsuit_aside,general,186,,
ovelia_atkascha,character,186,,
saeki_marika,character,186,,
sendou_yukari,character,186,,
serizawa_katsuya,character,186,,
tololo_(girls&#039;_frontline_2),character,186,,
tongue_scarf,general,186,,
tri_force_heroes,copyright,186,,
unworn_earring,general,186,,
veiny_crotch,general,186,,
wisadel_(arknights),character,186,,
yashiro_uzuki,character,186,,
youkai_watch_jam:_youkai_gakuen_y,copyright,186,,
artoria_pendragon_alter_(swimsuit_rider)_(first_ascension)_(fate),character,185,,
cheeta_(girls&#039;_frontline_2),character,185,,
chef_kawasaki,character,185,,
creature_request,general,185,,
creepy_susie,character,185,,
date_wingfield_reiko,character,185,,
duster_(mother),character,185,,
energy_kyouka!!,copyright,185,,
franceska_mila_rose,character,185,,
hands_behind_own_head,general,185,,
harusame_(maid)_(kancolle),character,185,,
hinomoto_koharu,character,185,,
hishizaki_shaia_(gowcaizer),character,185,,
ilay_riegrow,character,185,,
jeanne_d&#039;arc_(summer)_(granblue_fantasy),character,185,,
juli_(street_fighter),character,185,,
kaminashi_nozomi,character,185,,
kaneda_shoutarou&#039;s_bike,general,185,,
katei_kyoushi_x_saimin,copyright,185,,
kiria_jef,character,185,,
kobayakawa_sena,character,185,,
kyonyuu_onna_shikan_sennou_saimin,copyright,185,,
latune_subbota,character,185,,
mesousa,character,185,,
ooshima_muua,character,185,,
protagonist_(love_and_producer),character,185,,
reindeer_(kemono_friends),character,185,,
reset_kalar,character,185,,
sachi_(sao),character,185,,
shadow_hearts_ii,copyright,185,,
short-barreled_rifle,general,185,,
thumb_in_ass,general,185,,
yata_misaki,character,185,,
city_no.109,copyright,184,,
european_hare_(kemono_friends),character,184,,
fairy_tail:_dragon_cry,copyright,184,,
florian_brand,character,184,,
gas-seal_revolver,general,184,,
grenville_(azur_lane),character,184,,
hashimoto_fumie,character,184,,
himeyuri_ruri,character,184,,
jaina_proudmoore,character,184,,
john_lackland_(fate),character,184,,
lily_(granblue_fantasy),character,184,,
long_necktie,general,184,,
misao_~injoku_ninpouden~,copyright,184,,
muu_shuwuu_(megami_tensei),character,184,,
navel_fingering,general,184,,
news_reporter,general,184,,
nightingale_(path_to_nowhere),character,184,,
norba_shino,character,184,,
norea_du_noc,character,184,,
open_cockpit,general,184,,
peco_peco,character,184,,
pegasmon,character,184,,
pisu_hame,copyright,184,,
saturn_(pokemon),character,184,,
sawakita_eiji,character,184,,
scratching_chin,general,184,,
standing_on_another&#039;s_head,general,184,,
suminoe_shion,character,184,,
tailcoat_playboy_bunny,general,184,,
throne_anguis,character,184,,
american_school_uniform,general,183,,
ash_blossom_&amp;_joyous_spring,character,183,,
asura_(onmyoji),character,183,,
austin_mini,general,183,,
beauty_(bobobo-bo_bo-bobo),character,183,,
big_yellow_cat_(omori),character,183,,
forearms_at_chest,general,183,,
fusano_fumie,character,183,,
m590_(girls&#039;_frontline),character,183,,
marin_(umi_monogatari),character,183,,
minamori_hime,character,183,,
ooyama_takeru,character,183,,
osanai_yuki,character,183,,
paw_print_panties,general,183,,
raphael_(tmnt),character,183,,
risette_twinings,character,183,,
sachiho,character,183,,
sidearm,general,183,,
son_karin,character,183,,
springfield_(stirring_mermaid)_(girls&#039;_frontline),character,183,,
tensei_kendo_no_harem_colosseum,copyright,183,,
tsugou_no_yoi_sex_friend?,copyright,183,,
twitch_logo,copyright,183,,
wcdonald&#039;s,copyright,183,,
wide_mouth,general,183,,
yggdra_union,copyright,183,,
13cm,copyright,182,,
anakaris,character,182,,
arue_(konosuba),character,182,,
asahina_arumi,character,182,,
back_fin,general,182,,
bunny&#039;s_mama_daikou_service,copyright,182,,
corkscrew_position,general,182,,
galzaki-san_(daipunch),character,182,,
gem_on_head,general,182,,
glass_ceiling,general,182,,
goat_legs,general,182,,
hands_on_another&#039;s_legs,general,182,,
izayoi_(blazblue),character,182,,
kakouen_myousai_(ikkitousen),character,182,,
magnakidmon,character,182,,
minamisawa_senri,character,182,,
mother_and_baby,general,182,,
nudist_beach_ni_shuugakuryokou_de!!_the_animation,copyright,182,,
oikawa_yukio,character,182,,
orange_(company),copyright,182,,
polka_dot_trim,general,182,,
raven_(dc)_(cosplay),general,182,,
reminiscence,copyright,182,,
rolling_sleeves_up,general,182,,
rui_(dream_c_club),character,182,,
seimetsu_reiki_etherea,copyright,182,,
shinozuka_arashi,character,182,,
shiota_hirokazu,character,182,,
shiozaki_suzume,character,182,,
shiteyan&#039;yo,character,182,,
shoutmon_king_ver.,character,182,,
snowflake_choker,general,182,,
stitch_(lilo_&amp;_stitch),character,182,,
takahara_ayumi,character,182,,
tsuma_ni_damatte_sokubaikai_ni_ikun_ja_nakatta_3,copyright,182,,
tsurugi_hina,character,182,,
[kuroinu_gaiden]_elf_mura_no_kanraku_~chijoku_to_kairaku_no_utage~,copyright,181,,
adele_balfetto,character,181,,
advanced_ship_(eve_online),general,181,,
cherubimon_(vice),character,181,,
chinese_hat,general,181,,
chou-10cm-hou-chan_(suzutsuki&#039;s),character,181,,
cum_in_womb,general,181,,
curly_ends,general,181,,
daiba_canon,character,181,,
deren_(path_to_nowhere),character,181,,
dragon_ball_z:_the_tree_of_might,copyright,181,,
fiorayne_(monster_hunter),character,181,,
flamie_speeddraw,character,181,,
futsuu_no_joshikousei_ga_locodol_yattemita,copyright,181,,
heijou_institute_school_uniform,general,181,,
isis_(p&amp;d),character,181,,
johnston_kai_(swimsuit)_(kancolle),character,181,,
kirihara_misuzu,character,181,,
kyonyuu_hitozuma_onna_kyoushi_saimin,copyright,181,,
la_bella_patria,general,181,,
leonardo_(tmnt),character,181,,
mochida_junko,character,181,,
music_s.t.a.r.t!!,copyright,181,,
naitou_maia,character,181,,
onsokumaru,character,181,,
orgemon,character,181,,
private_nurse,copyright,181,,
seventh_heaven,general,181,,
soapy,general,181,,
stomach_jewel,general,181,,
sugar_+_spice,copyright,181,,
surge_concerto,copyright,181,,
tolkien\&#039;s_legendarium,general,181,,
tsuma_tsuma,copyright,181,,
yunoha_thrul,character,181,,
zelsius,character,181,,
asakura_nemu,character,180,,
bag_bow,general,180,,
charlotte_amande,character,180,,
eden&#039;s_ritter_grenze,copyright,180,,
forced_to_creampie,general,180,,
frog_on_head,general,180,,
howan_(show_by_rock!!),character,180,,
kaalaa_baunaa,character,180,,
kajou_ayame,character,180,,
killer_chat!,copyright,180,,
laser_weapon,general,180,,
nuclear_vortex_turbine,general,180,,
paw_print_tattoo,general,180,,
shine_mirage,character,180,,
tachibana_hinata_(fantasy_bishoujo),character,180,,
taller_futa,general,180,,
transforming_clothes,general,180,,
vanilmirth_(ragnarok_online),character,180,,
wrists_extended,general,180,,
yagiri_namie,character,180,,
adjusting_sleeves,general,179,,
ankle_gun,general,179,,
asakura_otome,character,179,,
captain_price,character,179,,
chocomon,character,179,,
choi_mochimazzui,character,179,,
cross-laced_jacket,general,179,,
earrings_removed,general,179,,
elecmon,character,179,,
escalation_heroines,copyright,179,,
hollow_hole,general,179,,
inia_sestina,character,179,,
louwemon,character,179,,
oversized_plant,general,179,,
reijou_monogatari,copyright,179,,
shima_sakon_(sengoku_basara),character,179,,
soletta_orihime,character,179,,
stellarboi,general,179,,
alternate_body_size_(taller),general,178,,
bandaged_waist,general,178,,
bullet_train_transforming_robot_shinkalion,copyright,178,,
callie_(splatoon)_(cosplay),general,178,,
center_cross_lace,general,178,,
cleo_everlastin,character,178,,
crushed_can,general,178,,
dead_apostle_noel_(tsukihime),character,178,,
f-15,character,178,,
gradient_coat,general,178,,
green_upholstery,general,178,,
hakuchuumu_no_aojashin,copyright,178,,
hanikami_kanojo,copyright,178,,
http_404,general,178,,
i_can&#039;t_refuse_lonely_girl&#039;s_request,copyright,178,,
kagano_ai,character,178,,
kal&#039;tsit_(maid)_(arknights),character,178,,
kokuriko_(blue_archive),character,178,,
kung_fu_panda,copyright,178,,
miyazawa_fuuka,character,178,,
mole_beside_mouth,general,178,,
nishizono_shinsuke,character,178,,
nyokimon,character,178,,
resident_evil:_revelations_2,copyright,178,,
sakura_taisen_ii,copyright,178,,
touhou_mystia&#039;s_izakaya,copyright,178,,
valentina_(nuclear-il2),character,178,,
w_tails_cat,copyright,178,,
yadoumaru_lisa,character,178,,
yamato_(naruto),character,178,,
yoshinaga_koi,character,178,,
zaizen_touko,character,178,,
anmicius,character,177,,
anna_(sennen_sensou_aigis),character,177,,
aversa_(fire_emblem),character,177,,
baselard,character,177,,
birdo,character,177,,
bkornblume,character,177,,
capybara_(kemono_friends),character,177,,
clanne_(fire_emblem),character,177,,
claudia_levantine,character,177,,
draculina_(last_origin),character,177,,
elf_(company),copyright,177,,
fake_head_wings,general,177,,
freyjadour_falenas,character,177,,
goblin_female,general,177,,
hanagaki_takemichi,character,177,,
hero_landing,general,177,,
ithaca_m37_(girls&#039;_frontline),character,177,,
kamazuki_suzuno,character,177,,
kaneda_mochiko,character,177,,
kimura_ryu,character,177,,
kiri_(sub-res),character,177,,
kissing_breast,general,177,,
koisuru_(otome)_no_tsukurikata,copyright,177,,
kuroe_mayu,character,177,,
lovelyangemon,character,177,,
medicine_(utau),copyright,177,,
miranda_lawson,character,177,,
money_rain,general,177,,
nebula_(keroro),character,177,,
nekomusume_(gegege_no_kitarou_5),character,177,,
opossummon,character,177,,
paffy_pafuricia,character,177,,
romancing_saga_minstrel_song,copyright,177,,
setsu_(omunikin),character,177,,
skull_ring,general,177,,
slave_leia,character,177,,
summoner_(final_fantasy),character,177,,
tied_hoodie_strings,general,177,,
tomoe_(qipao)_(blue_archive),character,177,,
transparent_sports_bra,general,177,,
tsunotori_pony,character,177,,
v-dramon,character,177,,
vlov_arkhangel,character,177,,
winged_sleeves,general,177,,
wooden_bathtub,general,177,,
wooden_desk,general,177,,
australian_flag,general,176,,
benten_(urusei_yatsura),character,176,,
bone_weapon,general,176,,
captain_(splatoon_3),character,176,,
caressing_cheek,general,176,,
ceresmon_medium,character,176,,
double-drum_magazine,general,176,,
fishing_lure,general,176,,
flamon,character,176,,
gambol_shroud,general,176,,
gentiana_(flower),general,176,,
hatsukano_yo,character,176,,
hiiragi_akao,character,176,,
jack-o&#039;_ran-tan,character,176,,
katagiri_himeko,character,176,,
kisaragi_(criminal_girls),character,176,,
last_exile:_gin&#039;yoku_no_fam,copyright,176,,
leashed_to_another,general,176,,
leeron_littner,character,176,,
li_yingxia,character,176,,
m1918_(girls&#039;_frontline),character,176,,
masked_madara,character,176,,
mei_(2b-ge),character,176,,
mima_sachi,character,176,,
molly_mcgee,character,176,,
momoki_run,character,176,,
pill_on_tongue,general,176,,
purple_light,general,176,,
red_dead_redemption_2,copyright,176,,
reni_milchstrasse,character,176,,
scarecrow_(girls&#039;_frontline),character,176,,
sein_(sousou_no_frieren),character,176,,
serapias_alice,character,176,,
stringendo_&amp;_accelerando_&amp;_stretta,copyright,176,,
suzukawa_rino,character,176,,
tao_jun,character,176,,
tenne_miko,character,176,,
tent_interior,general,176,,
yukime_(jigoku_sensei_nube),character,176,,
akatsuki_works_hibiki,copyright,175,,
alternate_height_(taller),general,175,,
amamiya_yuuko,character,175,,
ametsukana_yago,character,175,,
crawling_dreams,copyright,175,,
cz75_(girls&#039;_frontline),character,175,,
devil_trigger,general,175,,
dokkan_battle,general,175,,
eternity_(reverse:1999),character,175,,
gaioumon,character,175,,
gakuen_taima,copyright,175,,
ghost_quartz_(houseki_no_kuni),character,175,,
gladys_von_walkenheim,character,175,,
hajimari_wa_kimi_no_sora,copyright,175,,
himeno_kisara,character,175,,
kalina_ann_(weapon),general,175,,
kase_tomoka,character,175,,
koyuki_(kimetsu_no_yaiba),character,175,,
manga_illustration,general,175,,
mike_wazowski,character,175,,
nakajima_youko,character,175,,
oni_chichi_2,copyright,175,,
princess_(sekaiju),character,175,,
rock_cannon,general,175,,
skin_tight_clothing,general,175,,
snufkin,character,175,,
suiren_to_shion,copyright,175,,
the_king_of_fighters_&#039;97,copyright,175,,
tolkien&#039;s_legendarium,general,175,,
unworn_headband,general,175,,
virtual_ant_channel,copyright,175,,
yukino_agria,character,175,,
zas_m21_(girls&#039;_frontline),character,175,,
active_raid,copyright,174,,
ashiharatsumori_koito,character,174,,
bismarck_(warship_girls_r),character,174,,
boku_no_mirai_wa_koi_to_kakin_to,copyright,174,,
carcano_m91/38_(girls&#039;_frontline),character,174,,
command_&amp;_conquer:_red_alert,copyright,174,,
dcau,copyright,174,,
enterprise_(warship_girls_r),character,174,,
eto_kurumi,character,174,,
fallen_tree,general,174,,
fiina_(blue_archive),character,174,,
fuyumi_jun,character,174,,
guitar_pedal,general,174,,
hand_to_hand,general,174,,
harsha_(eisu),character,174,,
head_between_legs,general,174,,
hmx-17c,character,174,,
ingrid_(taimanin_murasaki),character,174,,
ishimori_prod,copyright,174,,
isla_(plastic_memories),character,174,,
kaga_(lawson)_(kancolle),character,174,,
kusunoki_sae,character,174,,
lady_noir,character,174,,
licking_another&#039;s_lips,general,174,,
licking_food,general,174,,
lisa_pacifist,character,174,,
melusine_(ibuki_notsu),character,174,,
mithrun_(young),general,174,,
murakami_shizuru,character,174,,
needle_mark,general,174,,
nemissa,character,174,,
ono_shiragiku,character,174,,
persona_2:_eternal_punishment,copyright,174,,
phantom_of_inferno,copyright,174,,
pikapikapop,general,174,,
prinz_eugen_(cordial_cornflower)_(azur_lane),character,174,,
scar_across_eyes,general,174,,
sera_honoka,character,174,,
shishidou_akiha,character,174,,
silfa_(to_heart),character,174,,
sisterly_netorare,general,174,,
stellalou,character,174,,
type_54_black_star,general,174,,
umegiri_iroha,character,174,,
victor_von_gerdenheim,character,174,,
wataya_mio,character,174,,
zettai_saikyou_oppai_sensou!!_kyonyuu_oukoku_vs_hinnyuu_oukoku,copyright,174,,
akeiro_kaikitan,copyright,173,,
alice_(queen&#039;s_gate),character,173,,
automatic_rifle,general,173,,
box_stack,general,173,,
cat_on_person,general,173,,
cornet_espoir,character,173,,
cteno_(slugbox),character,173,,
cyberdramon,character,173,,
fox_girl_(yihan1949),character,173,,
ghostmon,character,173,,
half_slime-chan,character,173,,
hishida_haru,character,173,,
hot_dog_bun,general,173,,
hwoarang_(tekken),character,173,,
ichinose_riko,character,173,,
inyouchuu_etsu,copyright,173,,
karen_(sister_princess),character,173,,
koutetsu_tenshi_kurumi,copyright,173,,
lactation_(male),general,173,,
lily_aquaria,character,173,,
lout_of_count&#039;s_family,copyright,173,,
lunar_2:_eternal_blue,copyright,173,,
multiple_drills,general,173,,
nico_robin_(thriller_bark),character,173,,
nonaka_kurumi,character,173,,
pajamas_lift,general,173,,
panty_&amp;_stocking_with_garterbelt_(style),general,173,,
reverse_yogic_sleep_pose,general,173,,
ryo_suzuki,general,173,,
thea_(nekojira),character,173,,
tracy_reznik,character,173,,
tsukushino_mitsugu,character,173,,
valkenhayn_r_hellsing,character,173,,
xphome,character,173,,
yurie_sigtuna,character,173,,
3am,copyright,172,,
aranyasana,general,172,,
boku_mama_x_tomo_mama_koukan_hameppu_life,copyright,172,,
briar_rose_(sinoalice),character,172,,
broken_statue,general,172,,
cervical_collar,general,172,,
charolic_(girls&#039;_frontline_2),character,172,,
fake_demon_horns,general,172,,
fight_ippatsu!_juuden-chan!!,copyright,172,,
frozen_lake,general,172,,
gotoh_hitori_(cosplay),general,172,,
guardromon,character,172,,
hand_on_another&#039;s_foot,general,172,,
heart_bracelet,general,172,,
high-waist_dress,general,172,,
hiiro_(alchemy_stars),character,172,,
himawari_wa_yoru_ni_saku,copyright,172,,
ini_yoy,general,172,,
kaguya_(kuroinu),character,172,,
katakura_kojuurou_(sengoku_basara),character,172,,
manemane_nichinichi,copyright,172,,
martial_champion,copyright,172,,
maser_cannon,general,172,,
miliam_hildegard_von_guropius,character,172,,
movie_trailer,general,172,,
natsuki_(amazon),character,172,,
nice_nature_(umamusume)_(cosplay),general,172,,
ninomae_ina&#039;nis_(cosplay),general,172,,
nush_(xter),character,172,,
oracle_of_ages,copyright,172,,
orgy_is_the_new_black,copyright,172,,
petrol_station,general,172,,
quaxwell,character,172,,
reaction,general,172,,
rietta,character,172,,
samurai_calibur,character,172,,
seven_knights,copyright,172,,
shinatsu_azuki,character,172,,
shinjou_akane_(new_order),character,172,,
shinkyoku_no_grimoire,copyright,172,,
shiraki_meiko_(cosplay),general,172,,
theabibyama&#039;s_yoga_pose_trend,general,172,,
toy_robot,general,172,,
vistamp,general,172,,
admiral_graf_spee_(girl&#039;s_sunday)_(azur_lane),character,171,,
akiyama_fuuka,character,171,,
amatsu_kanata,character,171,,
aya_gozen_(sengoku_musou),character,171,,
azuma_hisato,character,171,,
banshouya_ena,character,171,,
boku_to_keiyakushite_osananajimi_seitokaichou_ni_saimin_wo_kakeyou!,copyright,171,,
chichinoya,copyright,171,,
darcmon,character,171,,
diamond_choker,general,171,,
dog_on_head,general,171,,
downhill_night,copyright,171,,
dress_under_shirt,general,171,,
drops_(ragnarok_online),character,171,,
fushimi_saruhiko,character,171,,
fuuma_kotarou_(tenkaichi),character,171,,
gimmy_adai,character,171,,
grey_underwear_(male),general,171,,
happy_(eds),character,171,,
inui_sana,character,171,,
ionasal_kkll_preciel,character,171,,
iwanaga_kotoko,character,171,,
kisara_(tales),character,171,,
kouzuki_oden,character,171,,
kunugigaoka_middle_school_uniform,general,171,,
lady&#039;s_dragonmaid,character,171,,
laila_(queen&#039;s_blade),character,171,,
lewisia_aquablue,character,171,,
luce_yami_asutarite,character,171,,
lucoa_(maidragon)_(cosplay),general,171,,
male_protagonist_(live_a_hero),character,171,,
mile,character,171,,
miriallia_haw,character,171,,
nanami_ryuusui,character,171,,
noel_maresse_ascot,character,171,,
osaki_nana,character,171,,
pdw_cartridge,general,171,,
pumpkin_scissors,copyright,171,,
sara_(gundam_build_divers),character,171,,
shinonome_kaito,character,171,,
sophia_(manus_vindictae)_(reverse:1999),character,171,,
the_wonderful_wizard_of_oz,copyright,171,,
tyumon,character,171,,
very_steaming,general,171,,
voymastina_(girls&#039;_frontline_2),character,171,,
walkure_romanze_more_&amp;_more,copyright,171,,
wrestling_(series),copyright,171,,
x_(to_be_hero_x),character,171,,
yakumo_(blue_archive),character,171,,
yue_(cardcaptor_sakura),character,171,,
atori_(aiyoku_shimai_lolita),character,170,,
bandage_on_neck,general,170,,
brightest_melody,copyright,170,,
butterfly_over_eye,general,170,,
chimera_ant,character,170,,
chono_koshaku,general,170,,
elbow_on_another&#039;s_shoulder,general,170,,
elf_(houtengeki),character,170,,
elie_(rave),character,170,,
extra_tongue,general,170,,
gummymon,character,170,,
half_up_bun,general,170,,
hatori_kanon,character,170,,
hayakawa_ayane,character,170,,
implacable_(shepherd_of_the_&quot;lost&quot;)_(azur_lane),character,170,,
jolenta,character,170,,
kaguya_(rune_factory),character,170,,
lufia,copyright,170,,
mikono_suzushiro,character,170,,
miyazaki_chisaki,character,170,,
mucus,general,170,,
multiple_commentaries,general,170,,
neon_genesis_evangelion:_iron_maiden,copyright,170,,
nico_robin_(teen),character,170,,
ochi_mono_rpg_seikishi_luvilias,copyright,170,,
olruggio_(tongari_boushi_no_atelier),character,170,,
pitchmon,character,170,,
pokemon_ep018,copyright,170,,
principal,general,170,,
psykos,character,170,,
racheal,character,170,,
rainforest,general,170,,
rope_around_waist,general,170,,
rope_necklace,general,170,,
shiny_penis,general,170,,
split_image,general,170,,
tokishikko_dana,character,170,,
tsukishima_asuna,character,170,,
unown_a,character,170,,
yukifune_airi,character,170,,
aphrodite_(shuumatsu_no_valkyrie),character,169,,
asahina_mafuyu&#039;s_mother,character,169,,
awashima_seri,character,169,,
azuki_miho,character,169,,
bandaged_knees,general,169,,
bead_belt,general,169,,
belfraw_martini,character,169,,
black_garter,general,169,,
character_pin,general,169,,
dunkerque_(summer_sucre)_(azur_lane),character,169,,
goburimon,character,169,,
gold_blood,general,169,,
hand_on_goggles,general,169,,
handjob_with_panties,general,169,,
head_thrown_back,general,169,,
holding_arms,general,169,,
horizon_(game),copyright,169,,
hutaba_akane,character,169,,
imperialdramon_dragon_mode,character,169,,
kikuhime,character,169,,
kiss_focus,general,169,,
kmnz_lita,character,169,,
kurashina_asuka,character,169,,
layla_(mino),character,169,,
lexington_(cv-16)_(warship_girls_r),character,169,,
li&#039;l_judd_(splatoon),character,169,,
logician_(16personalities),character,169,,
maedhros,character,169,,
mermaid_tail,general,169,,
on_cushion,general,169,,
otori_tan,character,169,,
p7_(girls&#039;_frontline),character,169,,
peach_maki,character,169,,
ryekie_(live_a_hero),character,169,,
sabina_fardin,character,169,,
see_through,general,169,,
skunk,general,169,,
superbi_squalo,character,169,,
swat_(police),general,169,,
syr_flover,character,169,,
tailmon_(cosplay),general,169,,
tsukishiro_youko,character,169,,
tukaimon,character,169,,
two_breaths_walking_(vocaloid),copyright,169,,
9s_(nier:automata)_(cosplay),general,168,,
adjusting_bowtie,general,168,,
aero_(mega_man),character,168,,
aishwarya_ray,character,168,,
akai_suishou_no_hitomi,copyright,168,,
akane_(naomi),character,168,,
akitaru_oubi,character,168,,
anubis_(surio),character,168,,
bloom_(winx_club),character,168,,
chase_(love_live!),general,168,,
clarice_(disney),character,168,,
cross_in_eye,general,168,,
dark_hero_party,copyright,168,,
diamond_on_cheek,general,168,,
digimon_adventure_v-tamer_01,copyright,168,,
echidna_(p&amp;d),character,168,,
gradient_feathers,general,168,,
hat_stand,general,168,,
hug_invitation,general,168,,
ichikawa_aki,character,168,,
kirika_towa_alma,character,168,,
kitaooji_hanabi,character,168,,
klukai_(speed_star)_(girls&#039;_frontline_2),character,168,,
kodama_izayoi,character,168,,
kudamon_(digimon_savers),character,168,,
middle_earth,general,168,,
mie_ai,character,168,,
mikimura_hiroto,character,168,,
monster_on_male,general,168,,
naked_costume,general,168,,
noiz_(dramatical_murder),character,168,,
pokemon_sm042,copyright,168,,
protagonist_(light_and_night_love),character,168,,
pubraseer_(live_a_hero),character,168,,
richelieu_(warship_girls_r),character,168,,
rinne_berlinetta,character,168,,
satin_dress,general,168,,
sinon_(solus),character,168,,
six_(little_nightmares),character,168,,
smiley_hat_ornament,general,168,,
steven_a._starphase,character,168,,
string_choker,general,168,,
sura_shrine_maiden,character,168,,
taikoubou,character,168,,
tail_around_another&#039;s_waist,general,168,,
tedeza_rize&#039;s_school_uniform,general,168,,
terena_(bakunyuu_party),character,168,,
yamada-kun_to_7-nin_no_majo,copyright,168,,
aek-999_(girls&#039;_frontline),character,167,,
agnes_digital_(lovely_jiangshi)_(umamusume),character,167,,
ahagon_umiko,character,167,,
ajisai_no_chiru_koro_ni,copyright,167,,
ak74m_(girls&#039;_frontline),character,167,,
berry&#039;s,copyright,167,,
birdie_(street_fighter),character,167,,
black-headed_ibis_(kemono_friends),character,167,,
blood_on_teeth,general,167,,
butter_(trickcal),character,167,,
carrier,general,167,,
clawed_wings,general,167,,
demi_(dizzyspells),character,167,,
digimon_linkz,copyright,167,,
elf_(dq10),character,167,,
elizabeth_(gintama),character,167,,
fur-trimmed_socks,general,167,,
gourai,character,167,,
greta_hofmann,character,167,,
harp_note_(mega_man),character,167,,
henry_(fire_emblem),character,167,,
heroic_spirit_chaldea_park_outfit,general,167,,
johnny_storm,character,167,,
kinosaki_arisa,character,167,,
kirby&#039;s_return_to_dream_land_deluxe,copyright,167,,
kotae_(otomari_koibito_lolita),character,167,,
kowata_makoto,character,167,,
leo_(majo_wa_kekkyoku_sono_kyaku_to),character,167,,
looking_through_window,general,167,,
luozhu_(the_legend_of_luo_xiaohei),character,167,,
majin_saber,character,167,,
menace_(cosplay),general,167,,
mito_anji,character,167,,
muromi-san,character,167,,
nadia_rayne,character,167,,
noel_anderson,character,167,,
oppai_baka,copyright,167,,
osiris_red_uniform,general,167,,
otowa_rui_(saibou_shinkyoku),character,167,,
persephone_(jashin-chan_dropkick),character,167,,
ribbon-trimmed_hat,general,167,,
sasquatch_(darkstalkers),character,167,,
seer_(apex_legends),character,167,,
sepia_belmont,character,167,,
shitara_seiji,character,167,,
sugawara_chie,general,167,,
tapestry,general,167,,
toyohara_etsuko,character,167,,
traptrix_rafflesia,character,167,,
tsugumi_(guilty_crown),character,167,,
vampire_bat_(kemono_friends),character,167,,
wand_in_head,general,167,,
white_garter,general,167,,
witch&#039;s_weapon,copyright,167,,
zookeeper,general,167,,
abelia_(ogami_kazuki),character,166,,
aquarian_age,copyright,166,,
arresterdramon,character,166,,
bakusou_kyoudai_let&#039;s_&amp;_go!!_max,copyright,166,,
blonde_twist,general,166,,
blood_sucking,general,166,,
carbine_cartridge,general,166,,
chijoku_no_seifuku,copyright,166,,
collared_robe,general,166,,
cuntboy_penetrated,general,166,,
dccu,copyright,166,,
feet_on_toy,general,166,,
gamma_2,character,166,,
gauma,character,166,,
hand_in_another&#039;s_clothes,general,166,,
hugging_each_other,general,166,,
i_think_we&#039;re_gonna_have_to_kill_this_guy_steven_(meme),general,166,,
itou_ittousai_(sengoku_bushouki_muramasa),character,166,,
kihel_heim,character,166,,
kimijima_sara,character,166,,
koori_chikage,character,166,,
kumai_natsu,character,166,,
mahou_shoujo_lyrical_nanoha_a&#039;s_portable:_the_gears_of_destiny,copyright,166,,
male_school_swimsuit,general,166,,
nico_robin_(skypiea),character,166,,
nonohara_mikako,character,166,,
ohitome_kohane,character,166,,
oversized_sweater,general,166,,
pawmo,character,166,,
perrault_(last_origin),character,166,,
precision-guided_firearm,general,166,,
primal_groudon,character,166,,
puyomon,character,166,,
robella_(girls&#039;_frontline_2),character,166,,
saionji_ren,character,166,,
sebastian_castellanos,character,166,,
silky_anteater_(kemono_friends),character,166,,
skirt_down,general,166,,
team_spica&#039;s_trainer,character,166,,
tenryou_ikki,character,166,,
type_79_(girls&#039;_frontline),character,166,,
uv_light,general,166,,
whither_this_path_of_thorns_(project_sekai),general,166,,
azusagawa_sakuta,character,165,,
bronya_zaychik_(wolf&#039;s_dawn),character,165,,
dangling_arms,general,165,,
dearka_elsman,character,165,,
decorating,general,165,,
edomae_lunar,character,165,,
elbow_on_arm,general,165,,
fishman_island,general,165,,
furugoori_kona,character,165,,
gemini_saga,character,165,,
hair_half_over_shoulder,general,165,,
heart_pirates,general,165,,
higashimitarai_kiyoshiro_(cosplay),general,165,,
idea_pocket,copyright,165,,
insexual_awakening,copyright,165,,
inuzuka_tsumugi,character,165,,
kurosaki_yuzu,character,165,,
len\&#039;en,general,165,,
m4_sopmod_ii_(mod3)_(girls&#039;_frontline),character,165,,
mikami_juri,character,165,,
pandora_pride,character,165,,
petoriyacowa_rie,character,165,,
pharos,character,165,,
rouxls_kaard,character,165,,
sawatari_kyouko,character,165,,
shibahama_high_school_uniform,general,165,,
to_heart_2_xrated,copyright,165,,
togashi_koyori,character,165,,
tsukishiro_monaka,character,165,,
victor_grantz,character,165,,
wagging_finger,general,165,,
yasaka_kazuki,character,165,,
yzak_joule,character,165,,
aesop_carl,character,164,,
akiyama_fumika_(pepper0),character,164,,
alia&#039;s_carnival!,copyright,164,,
atou_subaru,character,164,,
ballistamon,character,164,,
bellyjob,general,164,,
bintend9_halo_(game),general,164,,
cathy_(yu-gi-oh!),character,164,,
cheshire_cat_(cosplay),general,164,,
circuit_board_print,general,164,,
classy_cranberry&#039;s,copyright,164,,
donatello_(tmnt),character,164,,
droite_(tales),character,164,,
dynatron_(mighty_no._9),character,164,,
elisanne,character,164,,
erogaki,general,164,,
flower_collar,general,164,,
fuji-san,character,164,,
fushigi_mahou_fun_fun_pharmacy,copyright,164,,
gen&#039;ei_wo_kakeru_taiyou,copyright,164,,
godzilla_vs._spacegodzilla,copyright,164,,
hecate&#039;s_staff_(fate),general,164,,
hekiho_academy,general,164,,
honoo_no_toukyuuji:_dodge_danpei,copyright,164,,
horizon_(video_game),copyright,164,,
igawa_asagi_(cosplay),general,164,,
ikazuchi_no_senshi_raidy_ii,copyright,164,,
iwakura_mitsumi,character,164,,
kaili_(aotu_world),character,164,,
kariya_koki,character,164,,
kayama_shuuji,character,164,,
kira_(project_moon),character,164,,
kou_seiya,character,164,,
kutsujoku,copyright,164,,
louboutins,general,164,,
lunch_(dragon_ball)_(cosplay),general,164,,
mare_s._ephemeral,character,164,,
mashiro_toko,character,164,,
okaa-san_ga_ippai,copyright,164,,
ootani_yuri,character,164,,
puss_in_boots_(shrek),character,164,,
root_(stpri),character,164,,
saltwater_crocodile_(kemono_friends),character,164,,
shelliemay,character,164,,
shin_sangoku_musou_7,copyright,164,,
shoulder_angel,general,164,,
smeared_blood,general,164,,
studded_vibrator,general,164,,
tatsuma_ryuko,character,164,,
tezuka_saki,character,164,,
trevor_(pokemon),character,164,,
unown_e,character,164,,
venom_(guilty_gear),character,164,,
vermillion_akiha,character,164,,
yellow_light,general,164,,
yuuki_dan,character,164,,
african_rock_python_(kemono_friends),character,163,,
aria_(sister_princess),character,163,,
bag_on_lap,general,163,,
cerberus_(last_origin),character,163,,
cereal_box,general,163,,
cis_(tiger_&amp;_bunny),character,163,,
cutie_panther,copyright,163,,
ferrofluid,general,163,,
food_animal,general,163,,
food_themed_ornament,general,163,,
gamma_1,character,163,,
hayakawa_sena_(pei_iriya),character,163,,
hitozuma_hime_club,copyright,163,,
i_can&#039;t_say_no_to_the_lonely_girl,copyright,163,,
in&#039;youchuu_etsu,copyright,163,,
inside_locker,general,163,,
jabberwock_(monster_girl_encyclopedia),character,163,,
judgment_(toaru),general,163,,
kokubunji_suou,character,163,,
koto_(kyousougiga),character,163,,
kure-nai,copyright,163,,
kyonyuu_princess_saimin,copyright,163,,
leafmon,character,163,,
licking_another&#039;s_finger,general,163,,
lump_of_sugar,copyright,163,,
makino_yuna,character,163,,
male_underwear_around_leg,general,163,,
manual_firearm,general,163,,
matsuno_kuusuke,character,163,,
mine_cart,general,163,,
nekomata_okayu_(personya_respect),character,163,,
ninomae_ina&#039;nis_(school_uniform),character,163,,
nozaki_yuuki,character,163,,
ooshima_ichiko,character,163,,
open_hatch,general,163,,
phantasy_star_online_2_new_genesis,copyright,163,,
pokemon_ep043,copyright,163,,
princess_peach_(aero),character,163,,
rauru_(tears_of_the_kingdom),character,163,,
sanjiegun,general,163,,
sothis_(fire_emblem)_(cosplay),general,163,,
tactical_light,general,163,,
talho_yuuki,character,163,,
tomoe_tamao,character,163,,
tsukishima_riho,character,163,,
vera_nair,character,163,,
vikemon,character,163,,
against_locker,general,162,,
aife_(zana),character,162,,
chaika_bogdan,character,162,,
charlotte_(succuboos),character,162,,
cheri_berry,general,162,,
chiaki_(aiyoku_shimai_lolita),character,162,,
darren_shan,character,162,,
eliot_(doa),character,162,,
fb_(hundred_line),character,162,,
funikura,character,162,,
ghost_boy_(hundred_line),character,162,,
higashikata_daiya,character,162,,
hitomi-chan_wa_hitomishiri,copyright,162,,
implied_erection,general,162,,
innocent_tour,copyright,162,,
jc-chan,character,162,,
kawamura_yuzuriha,character,162,,
kinjyou_(shashaki),character,162,,
kyon-kyon_(jashin-chan_dropkick),character,162,,
leanne_(fire_emblem),character,162,,
lee_mayfeng,character,162,,
makino_kanna,character,162,,
mayano_top_gun_(rockin&#039;_mewmeow)_(umamusume),character,162,,
misha_arsellec_lune,character,162,,
nande_koko_ni_sensei_ga!?,copyright,162,,
nezha_(the_legend_of_luo_xiaohei),character,162,,
on_suitcase,general,162,,
person_on_shoulder,general,162,,
pikachu_libre,character,162,,
q_(control),character,162,,
qiang_jin_jiu,copyright,162,,
ren_(dramatical_murder),character,162,,
reze_(chainsaw_man)_(cosplay),general,162,,
san-chan,character,162,,
shinra_tsubaki,character,162,,
shirt_ribbon,general,162,,
silver_bangle,general,162,,
single_letter,general,162,,
tears_facial_mark,general,162,,
tiger_panties,general,162,,
tomari_(harem_futago_lolita),character,162,,
tsuuhan_elf,copyright,162,,
uriel_(omniscient_reader&#039;s_viewpoint),character,162,,
veil_over_eyes,general,162,,
volume_symbol,general,162,,
zettai_saikyou_oppai_sensou!!,copyright,162,,
aiba_ibuki,character,161,,
alcia_elgarant,character,161,,
as_i&#039;ve_written_(honkai:_star_rail),general,161,,
aymeric_de_borel,character,161,,
backless_kimono,general,161,,
biomerge,general,161,,
black_rose_(.hack//),character,161,,
broken_tooth,general,161,,
campo_flicker_(kemono_friends),character,161,,
charlotte_roselei,character,161,,
cirucci_sanderwicci,character,161,,
clear_(dramatical_murder),character,161,,
clipping,general,161,,
diamond-shaped_earrings,general,161,,
digimon_world_re:digitize_decode,copyright,161,,
evangelyne_(wakfu),character,161,,
girlfriend_of_steel,copyright,161,,
glowing_fist,general,161,,
gold_wrist_cuffs,general,161,,
grabbing_own_ankles,general,161,,
grey_swim_trunks,general,161,,
ichigeki_haruka,character,161,,
imaginary_forest_(vocaloid),copyright,161,,
isoi_rai,character,161,,
jeanne_d&#039;arc_(azur_lane),character,161,,
k5_(girls&#039;_frontline),character,161,,
leon_strohl,character,161,,
leon_strohl_da_haliaetus,character,161,,
m870_(girls&#039;_frontline),character,161,,
mailbag,general,161,,
massage_table,general,161,,
miyafuji_miina,character,161,,
mizusawa_chisato,character,161,,
mr._chopped,character,161,,
nen_(hunter_x_hunter),general,161,,
panne_(fire_emblem),character,161,,
paper_man,copyright,161,,
pet_rock,general,161,,
print_tabard,general,161,,
red_leather,general,161,,
religious,general,161,,
sawashiro_kyo,character,161,,
seto_midori,character,161,,
shoujo_kyouiku,copyright,161,,
siriusmon,character,161,,
streets_of_rage_4,copyright,161,,
suzuki_mikura,character,161,,
tamamo_no_mae_(fate)_(cosplay),general,161,,
tentacle_between_breasts,general,161,,
tokimeki_memorial_girl&#039;s_side_4th_heart,copyright,161,,
torii_eriko,character,161,,
tsniitochmash,copyright,161,,
tsuzurugi_mikoto,character,161,,
yamato_(spring)_(kancolle),character,161,,
yasuri_shichika,character,161,,
alice_lendrott,character,160,,
bandaged_horn,general,160,,
boner_war,copyright,160,,
brushing_another&#039;s_teeth,general,160,,
clash_of_breasts_(meme),general,160,,
clasp,general,160,,
climbing_tree,general,160,,
convenient_hand,general,160,,
deku&#039;s_photo_of_hagakure_toru,general,160,,
dido_(anxious_bisque_doll)_(azur_lane),character,160,,
doi_shizuha,character,160,,
drang_(granblue_fantasy),character,160,,
earthworm,general,160,,
eunho_(plave),character,160,,
fish_bone_hair_ornament,general,160,,
fukuyama_jeanne_sachie,character,160,,
hayami_takurou,character,160,,
ichinose_sakiko,character,160,,
inazuma_eleven_(game),copyright,160,,
ja&#039;far_(magi),character,160,,
javelin_(beach_picnic!)_(azur_lane),character,160,,
jk-chan,character,160,,
kabushikigaisha_toranoana,copyright,160,,
kafun_shoujo_chuuihou!,copyright,160,,
kamishiro_ryouga,character,160,,
klukai_(cerulean_breaker)_(girls&#039;_frontline_2),character,160,,
lace-trimmed_socks,general,160,,
lilique_kadoka_lipati,character,160,,
long_toes,general,160,,
luigi&#039;s_mansion_3,copyright,160,,
lying_on_animal,general,160,,
magician&#039;s_red,character,160,,
male_hands,general,160,,
maria_(victoria_maid_maria_no_hoshi),character,160,,
maxwell_carson,character,160,,
miyanoshita_satsuki,character,160,,
multi-strapped_swimsuit,general,160,,
muslim,general,160,,
nayuki_hiori,character,160,,
nicolas_brown,character,160,,
nomura_miki,character,160,,
orange_cat_boy_(manmosu_marimo),character,160,,
red_leaf,general,160,,
saimin_class,copyright,160,,
sakuya_(mahotama),character,160,,
side-tie_shorts,general,160,,
spiked_shirt,general,160,,
spreading_another&#039;s_ass,general,160,,
structure,general,160,,
takano_hitomi,character,160,,
tosh_(splatoon),character,160,,
two-tone_umbrella,general,160,,
unbuttoned_sleeves,general,160,,
ushiromiya_kinzou,character,160,,
usukeninja_3d,general,160,,
wolf-chan_(wataame27),character,160,,
yumeno_akari,character,160,,
bastet_(houtengeki),character,159,,
cassie_(shadow_slave),character,159,,
dark_feather_alma,character,159,,
egghead_island,general,159,,
furby,character,159,,
gau_(ff6),character,159,,
head_bow,general,159,,
heihati,character,159,,
izayoi_no_hanayome,copyright,159,,
izumi_hiyori,character,159,,
kitagawa_kenta,character,159,,
m4_sopmod_ii_(resurrection_repairer_jr.)_(girls&#039;_frontline),character,159,,
madeline_(hotelblue),character,159,,
mahoraga_(jujutsu_kaisen),character,159,,
majin_gappa,character,159,,
matsuri_(senran_kagura),character,159,,
mega_man_x6,copyright,159,,
motion_input,general,159,,
multiple_halos,general,159,,
myucel_foalan,character,159,,
narwhal,general,159,,
ogami_koga,character,159,,
oppai_(av),copyright,159,,
peeing_inside,general,159,,
protagonist_(pso2),character,159,,
purple_aura,general,159,,
ribbed_gloves,general,159,,
robot_ponkottsu,copyright,159,,
romancing_saga_re;universe,copyright,159,,
ryoumen_sukuna_(second_possession)_(jujutsu_kaisen),character,159,,
s-rank_monster_no_&quot;behemoth&quot;_dakedo_neko_to_machigawarete_elf_musume_no_pet_toshite_kurashitemasu,copyright,159,,
sakamoto_tatsuma,character,159,,
shihouin_yoruichi_(cosplay),general,159,,
subaru_(rune_factory),character,159,,
suspension_bridge,general,159,,
takashima_yuuna,character,159,,
tesla_(honkai_impact),character,159,,
vampire_knight,copyright,159,,
white_serval_(kemono_friends),character,159,,
yamada_yui,character,159,,
yhwach,character,159,,
yurishia_farandole,character,159,,
yuuki_(shibou_yuugi),character,159,,
chinese_white_dolphin_(kemono_friends),character,158,,
color_wheel,general,158,,
crown_necklace,general,158,,
elf_all-stars_datsuijan,copyright,158,,
frilled_underwear,general,158,,
genius_invokation_tcg_(style),general,158,,
gibson,copyright,158,,
gina_(gnosia),character,158,,
hanabata_nohkins,character,158,,
head_hold,general,158,,
headpatting_viewer,general,158,,
heal_ball,general,158,,
hooded_top,general,158,,
jigokudani_sara,character,158,,
kuramochi_youichi,character,158,,
kuro_the_divine_heir,character,158,,
kurohime_yuuhi,character,158,,
kuujou_joutarou_(cosplay),general,158,,
langrisser_ii,copyright,158,,
large_cross,general,158,,
leaning_in,general,158,,
ma_wo_youmu_joou,copyright,158,,
malik_caesar,character,158,,
mamiya_takuji,character,158,,
mew_zakuro,character,158,,
nagumo_midori,character,158,,
nanase_miyuki,character,158,,
orihara_sumika,character,158,,
peeing_on_floor,general,158,,
protoman.exe,character,158,,
pururun_(kyatto_ninden_teyandee),character,158,,
ryuuguuji_ken,character,158,,
sae_naiyatsu,general,158,,
shademon_(nene_ver.),character,158,,
shitogi_eris,character,158,,
shock_collar,general,158,,
silver_chain,general,158,,
sleeve_zipper,general,158,,
snow_on_body,general,158,,
snowflake_necklace,general,158,,
sonic_riders,copyright,158,,
sumizome_nozomi,character,158,,
sunao_(harem_futago_lolita),character,158,,
tawna_bandicoot,character,158,,
teisou_kannen_zero,copyright,158,,
torn_skin,general,158,,
unraveling,general,158,,
vomiting_blood,general,158,,
agumon_(black),character,157,,
airbrushed,general,157,,
amane_misa_(cosplay),general,157,,
ancientmermaimon,character,157,,
apron_between_breasts,general,157,,
arms_(studio),copyright,157,,
chen_hai_(vestibule_of_wonders)_(azur_lane),character,157,,
cum_on_wall,general,157,,
door_of_the_defeated,general,157,,
fatutu,character,157,,
fushigi_na_neko_no_machi_meltier,general,157,,
gundam_age-1,character,157,,
interrogation,general,157,,
kamimura_maika_(future),character,157,,
kawaii_boku_to_142&#039;s_(idolmaster),general,157,,
king_kazma,character,157,,
kira_izuru,character,157,,
koigakubo_momoko,character,157,,
koutetsu_no_majo_annerose,copyright,157,,
kyonyuu_kazoku_saimin,copyright,157,,
lar_grizzly_win_mag,general,157,,
leather_wrist_straps,general,157,,
luminamon,character,157,,
luna_lovegood,character,157,,
makinohara_shouko,character,157,,
mihashi_ren,character,157,,
natsume_aya,character,157,,
neko_(k-project),character,157,,
nishimiya_momo,character,157,,
noel_seeker,character,157,,
nogami_izumi,character,157,,
passionlip_(celeb_summer_experience_swimsuit)_(fate),character,157,,
pom_pom_footwear,general,157,,
pubic_hair_on_face,general,157,,
raised_fists,general,157,,
roy_harper,character,157,,
sakaki_natsuki,character,157,,
sakakibara_marika,character,157,,
shakkoumon,character,157,,
sharari,general,157,,
squirrel_girl_(marvel_rivals),character,157,,
tani_yuko,character,157,,
terra_formars,copyright,157,,
tia_(estpolis_denki),character,157,,
tiaris_el_arksend,character,157,,
torn_umbrella,general,157,,
traptrix_sera,character,157,,
vittorio_veneto_(the_flower_of_la_spezia)_(azur_lane),character,157,,
yamanba_(gyaru),general,157,,
yi_xi_(synthesizer_v),character,157,,
yubisaki_connection,copyright,157,,
yukishiro_misao,character,157,,
angelia_avallone,character,156,,
aphrodite_(hades),character,156,,
asaboo_(zenless_zone_zero),character,156,,
bloomlordmon,character,156,,
bow_flower,general,156,,
cyan_sung-sun,character,156,,
dean_winchester,character,156,,
eien_no_aselia,copyright,156,,
fuga_(senran_kagura),character,156,,
fuwa_aya,character,156,,
geometric_pattern,general,156,,
gigimon,character,156,,
gregor&#039;s_cockroach_(project_moon),character,156,,
jet_link,character,156,,
kirishima_eriko,character,156,,
kisaragi_saya,character,156,,
kono_mama_ja_ane_to_sex_shiteshimasu_are_otouto_yo_ima_naka_de_dasanakata?,copyright,156,,
kusagakure_satoko,character,156,,
major_league_baseball,copyright,156,,
mari_(dream_c_club),character,156,,
marina_(qipao)_(blue_archive),character,156,,
mesu_nie_onna_kyoushi,copyright,156,,
milinda_brantini,character,156,,
mizutsune,character,156,,
molly_hale,character,156,,
morimoto_leona,character,156,,
mou_shobou_(megami_tensei),character,156,,
neo_ranga,copyright,156,,
ni-ni_the_mirror_mikanko,character,156,,
nicayuko,general,156,,
penis_on_cheek,general,156,,
potara_fusion,general,156,,
ryuuguu_komachi,general,156,,
sarah_(the_last_of_us),character,156,,
sexual_demon_tattoo,general,156,,
shiranui_inori,character,156,,
talesrunner,copyright,156,,
tri-brigade_kitt,character,156,,
twitch,copyright,156,,
ukitake_juushirou,character,156,,
veteran_mercenary_echidna,character,156,,
yanagisawa_naoko,character,156,,
&gt;3&lt;,general,155,,
airdramon,character,155,,
aisai_x_koukan_ninkatsu_swapping_haramigoro_no_tsuma-tachi_wa_kodane_o_motome_nikuyoku_no_hana_o_sakaseru,copyright,155,,
astral_(yu-gi-oh!),character,155,,
az_9649,general,155,,
bodhisattva,general,155,,
charlotte_wiltshire,character,155,,
dangeroes_beast_(illya),character,155,,
donovan_baine,character,155,,
ear_fondling,general,155,,
eli_clark,character,155,,
emilia_percival,character,155,,
falcomon_(digimon_savers),character,155,,
go_to_kodzukuri_~ore_ga_kasoka_no_susumu_inaka_no_mura_de_tekireiki_no_onnatachi_he_no_tanetsuke_wo_onegai_sareta_wake~,copyright,155,,
isurugi_mio,character,155,,
kikuru_madan,character,155,,
kinkakumon,character,155,,
leena_(chrono_cross),character,155,,
mew_lettuce,character,155,,
nijiiro_passion!,general,155,,
nonogusa_miyuki,character,155,,
osaragi_hazumu,character,155,,
page_one_(one_piece),character,155,,
pixie_(monster_farm),character,155,,
pixiv_fantasia_revenge_of_the_darkness,copyright,155,,
rainbow-colored_passions!,general,155,,
rinne_(pretty_rhythm),character,155,,
romani_(zelda),character,155,,
sakaki_shizuka,character,155,,
sawatari_riko,character,155,,
sonata_dusk,character,155,,
soot_sprite,character,155,,
stepping_on_penis,general,155,,
studio_ring,copyright,155,,
sunrider_academy,copyright,155,,
taki_suzuna,character,155,,
tani_an,character,155,,
torture_instruments,general,155,,
toz_(tulsky_oruzheiny_zavod),copyright,155,,
twilight_(spy_x_family)_(cosplay),general,155,,
ultimate_gohan,character,155,,
window_magazine,general,155,,
yamamoto_kazuya,character,155,,
yanagawa_shiori,character,155,,
yellow_electricity,general,155,,
yumeoji_shiori,character,155,,
ada_wong_(cosplay),general,154,,
bamby_(plave),character,154,,
bemelle,character,154,,
black_roots,general,154,,
cheerleader_link,character,154,,
cocktail_soft,copyright,154,,
debu_plus,copyright,154,,
eye_visible_through_hair,general,154,,
franz_schubert_(classicaloid),character,154,,
heart_no_kuni_no_alice,copyright,154,,
hizashi_no_naka_no_real,copyright,154,,
honjou_erena,character,154,,
hurdle,general,154,,
julia_lin_road,character,154,,
kanata_(model),character,154,,
kiss_kiss_drain,copyright,154,,
knight&#039;s_and_magic,copyright,154,,
kurebayashi_juri,character,154,,
kusanagi_chisato,character,154,,
l&#039;antica_(idolmaster),character,154,,
m99_(girls&#039;_frontline),character,154,,
mamiya_sakura,character,154,,
mashiro_blan_de_windbloom,character,154,,
matcha_parfait,general,154,,
mazinkaiser,copyright,154,,
melpha_(cosplay),general,154,,
midou_miko,character,154,,
moblit_berner,character,154,,
narumi_yui,character,154,,
necklace_in_mouth,general,154,,
neon_(valorant),character,154,,
observer_alpha_(azur_lane),character,154,,
ots-12_(girls&#039;_frontline),character,154,,
peeing_diaper,general,154,,
play!_play!_play!_lock!,copyright,154,,
pure_onepiece_(idolmaster),general,154,,
sakurai_chisato,character,154,,
sand_dune,general,154,,
shamone_(skullgirls),character,154,,
sister_travel,copyright,154,,
snake_armband,general,154,,
soma_(closers),character,154,,
sophie_pulone,character,154,,
studded,general,154,,
stylized_blood,general,154,,
takaomi_(orenchi_no_maidosan),character,154,,
tales_of_the_world_radiant_mythology_2,copyright,154,,
thea_(fire_emblem),character,154,,
tiara_(fairy_fencer_f),character,154,,
tormod_(fire_emblem),character,154,,
umbrella_stand,general,154,,
ammunition_focus,general,153,,
bb_cosmo_(fate),character,153,,
female_commander_(azur_lane),character,153,,
goro_nomoru,character,153,,
hatsukoi_zombie,copyright,153,,
invisible_table,general,153,,
irui_guneden,character,153,,
kamimura_azuma,character,153,,
kamishiro_yuugo,character,153,,
kanuma_hotaruko,character,153,,
kiryu_touko,character,153,,
klin_(girls&#039;_frontline),character,153,,
kuroiwa_yuuki,character,153,,
kuromi_(cosplay),general,153,,
lighdramon,character,153,,
lipstick_smear,general,153,,
liquid_from_eyes,general,153,,
lotus_hair_ornament,general,153,,
makura_(granblue_fantasy),character,153,,
message_in_a_bottle,general,153,,
moeru_mahjong_moejong_(moejan),copyright,153,,
mori_ranmaru_(sengoku_musou),character,153,,
musuko_no_tomodachi_ni_okasarete,copyright,153,,
nagatsuka_saki,character,153,,
nergigante,character,153,,
packet,general,153,,
padded_cloak,general,153,,
porcelain,general,153,,
prism_ark,copyright,153,,
pure_my_imouto_milk_purun,copyright,153,,
qin_shi_huang_(shuumatsu_no_valkyrie),character,153,,
rasielmon,character,153,,
sakura_(bloom_in_summer)_(nikke),character,153,,
shuuen_no_virche,copyright,153,,
snarl,general,153,,
strikes,copyright,153,,
tail_strap,general,153,,
takanashi_miu,character,153,,
theresis_(arknights),character,153,,
tokinomiya_kamui,character,153,,
tsuruga_ami,character,153,,
two-tone_belt,general,153,,
ui_ui_(jujutsu_kaisen),character,153,,
upstanding_citizen,general,153,,
urien,character,153,,
venus_resort_kyonyuu_rankou_island,copyright,153,,
ariel_(oukoku_no_shugo_tenshi),character,152,,
blaster_master_zero_2,copyright,152,,
blue_diamond_(steven_universe),character,152,,
breathing_tube,general,152,,
cafe_sourire,copyright,152,,
cat_o&#039;_nine_tails,general,152,,
catcher&#039;s_mask,general,152,,
chiaki_kurihara,character,152,,
chroche_latel_pastalie,character,152,,
cosmic_&amp;_funny_(idolmaster),general,152,,
covered_areolae,general,152,,
crescendo,copyright,152,,
cum_censor,general,152,,
cup_on_head,general,152,,
douki-kun_(douki-chan),character,152,,
gekijigen__blanc_+_neptune_vs_zombie_gundan,general,152,,
godzilla_(cosplay),general,152,,
hands_on_another&#039;s_wrists,general,152,,
hanging_on,general,152,,
hmx-17b,character,152,,
iahfy_off,general,152,,
jetsilphymon,character,152,,
kenzaki_ririka,character,152,,
kiba_mikoto,character,152,,
ko-fi_username,general,152,,
koiwai_yoshino,character,152,,
kuma_kuma_kuma_bear,copyright,152,,
light_brown_sweater,general,152,,
makio_(kimetsu_no_yaiba),character,152,,
meracle_chamlotte,character,152,,
michelangelo_(tmnt),character,152,,
milfa_(to_heart),character,152,,
monodramon,character,152,,
monsterfucking,general,152,,
morino_mari,character,152,,
nami_(one_piece)_(arlong_park),character,152,,
nohara_hiroshi,character,152,,
oshi_ga_budoukan_itte_kuretara_shinu,copyright,152,,
overshirt,general,152,,
peach_ornament,general,152,,
priscilla_asagiri,character,152,,
psychederhythm_psychomaster,general,152,,
queen&#039;s_blade_limit_break,copyright,152,,
rem_(death_note),character,152,,
renga_(yakihebi),character,152,,
roasted_marshmallow,general,152,,
rocket_boots,general,152,,
saimon_tamaki,character,152,,
seha_lee,character,152,,
seven_sisters_high_school_uniform,general,152,,
sex_with_monsters,general,152,,
shirt_over_head,general,152,,
stealth_ass_grab,general,152,,
subaru_(houkago_no_pleiades),character,152,,
suzuhara_misa,character,152,,
takamaki_ann_(cosplay),general,152,,
thigh_peek,general,152,,
too_many_papers,general,152,,
vit,character,152,,
yamaguchi_kisaragi,character,152,,
yukino_akaihi,character,152,,
yuudachi_(halloween)_(kancolle),character,152,,
zhi_(arknights),character,152,,
abella_(fear_&amp;_hunger),character,151,,
adagio_dazzle,character,151,,
anne_happy,copyright,151,,
blue_oak_(pokemon_sm),character,151,,
can&#039;t_show_this_(meme),general,151,,
canvas_2,copyright,151,,
captain_america_the_winter_soldier,copyright,151,,
carrot_(pepper&amp;carrot),character,151,,
dark_hunter,character,151,,
dawn_(palentine&#039;s_2021)_(pokemon),character,151,,
dominance,copyright,151,,
dragon_poker,copyright,151,,
duel_masters_(classic),copyright,151,,
eina_tulle,character,151,,
flynn_rider,character,151,,
fong_pudding,character,151,,
gigabash,copyright,151,,
gloomy_bear_(cosplay),general,151,,
hata_matsuri,character,151,,
hockey_stick,general,151,,
jill_(fire_emblem),character,151,,
jin_yuuichi,character,151,,
kamen_rider_black_rx_(series),copyright,151,,
lady_magnolia_(trickstaboy),character,151,,
lobelia_carlini,character,151,,
magnamon_(battle_park),character,151,,
mahou_shoujo_lyrical_nanoha_detonation,copyright,151,,
mc_lita,character,151,,
medea&#039;s_staff_(fate),general,151,,
micro_uzi_(girls&#039;_frontline),character,151,,
misuzu_gundou,character,151,,
momo_(breath_of_fire),character,151,,
namazu_(touhou),character,151,,
naruto_gaiden,copyright,151,,
okidogi,character,151,,
passion_republic_games,copyright,151,,
pen_to_mouth,general,151,,
petelgeuse_romaneeconti,character,151,,
pop_step_(boku_no_hero_academia),character,151,,
portal_gun_(portal),general,151,,
preschooler_(pokemon),character,151,,
purple_school_swimsuit,general,151,,
rinkan_club,copyright,151,,
saki_(ar_tonelico),character,151,,
shiro_(deadman_wonderland),character,151,,
tsunagaru_connect_(love_live!),copyright,151,,
umemiya_hajime,character,151,,
urn,general,151,,
ursula_(breath_of_fire),character,151,,
washing_hands,general,151,,
against_pillar,general,150,,
bat-eared_fox_(kemono_friends),character,150,,
belfast_(blissful_service)_(azur_lane),character,150,,
biting_another&#039;s_finger,general,150,,
bouquet_(blue_dragon),character,150,,
charon_(reverse:1999),character,150,,
chigusa_nana,character,150,,
coral_island,copyright,150,,
cure_earth,character,150,,
cybernetic,general,150,,
diablo_3,copyright,150,,
eiyuu_senki_gold,copyright,150,,
fighting_fefnir_(mega_man),character,150,,
final_fight_2,copyright,150,,
fino_bloodstone,character,150,,
fujiwara_momoka,character,150,,
girl_scout,general,150,,
grand_summoners,copyright,150,,
h2o_footprints_in_the_sand,copyright,150,,
hades_(shuumatsu_no_valkyrie),character,150,,
highleg_bikini_bottom,general,150,,
hinase_sheffield_kamishirouzu,character,150,,
kikki_benjamin,character,150,,
kirishima_shizuku,character,150,,
komikado_sachi,general,150,,
leafa_(terraria)_(sao),character,150,,
"love_cafe:_doutei_na_ore_demo,_kyonyuu_onna_senpai_to_dousei_dekirutte_maji_desu_ka?",copyright,150,,
luck_&amp;_logic,copyright,150,,
luluna,character,150,,
mask_on_hat,general,150,,
merii_(mazohaha),character,150,,
mihara_chiharu,character,150,,
milla_(fractured),character,150,,
miyata_sayaka,character,150,,
motto!_haramase!_honoo_no_oppai_isekai_chou_ero_succubus_gakuen!,copyright,150,,
naib_subedar,character,150,,
nakahara_chuuya,character,150,,
nico_(doa),character,150,,
nipples_out_of_frame,general,150,,
nostalgic_heroines,copyright,150,,
nuru_massage,general,150,,
print_underwear_(male),general,150,,
rutile_(houseki_no_kuni),character,150,,
seia_(blue_archive)_(cosplay),general,150,,
sendou_erika,character,150,,
skull_hat,general,150,,
soulcalibur_i,copyright,150,,
stanley_snyder_(dr._stone),character,150,,
stick-on_bra,general,150,,
summer_days,copyright,150,,
twitter_screenshot,general,150,,
valkyrie_profile,copyright,150,,
wanyamon,character,150,,
yurin_leciel,character,150,,
absorption,general,149,,
anubis_(houtengeki),character,149,,
boko_(girls_und_panzer)_(cosplay),general,149,,
break/pride,copyright,149,,
dagger_(fiz-rot),character,149,,
dog_hat,general,149,,
ein_(nikke),character,149,,
godzilla_against_mechagodzilla,copyright,149,,
godzilla_vs._gigan,copyright,149,,
grabbing_another&#039;s_wing,general,149,,
ibuki_(senran_kagura),character,149,,
kikka_kobayashi,character,149,,
kitami_erika,character,149,,
kizuna_kirameku_koi_iroha,copyright,149,,
koga_tomoe,character,149,,
kozukata_yuuri,character,149,,
luca_truelywaath,character,149,,
mailbirdramon,character,149,,
mako_(mahotama),character,149,,
mario_&amp;_luigi:_superstar_saga,copyright,149,,
mediator_(16personalities),character,149,,
nagira_yoshinori,general,149,,
nemone,character,149,,
one_shota_one,copyright,149,,
pallette_(mega_man),character,149,,
penis_biting,general,149,,
phyllis_(little_witch_nobeta),character,149,,
prototype_labiata,character,149,,
sakakibara_kouichi,character,149,,
shiina_miyako,character,149,,
spiked_hat,general,149,,
susakuooji_hotoha,character,149,,
tandy_bowen,character,149,,
tighhighs,general,149,,
tsuruhime_(sengoku_basara),character,149,,
unown_o,character,149,,
weddie_(dq10),character,149,,
whisper_(ragnarok_online),character,149,,
yurigasaki_lulu,character,149,,
.hack//link,copyright,148,,
abe_takaya,character,148,,
abigail_(black_survival),character,148,,
agumix,copyright,148,,
agumix_selects,copyright,148,,
aiming_up,general,148,,
aisha_belka,character,148,,
breast_harness,general,148,,
edogawa_ranpo_(bungou_stray_dogs),character,148,,
fishnet_panties,general,148,,
giant_skeleton,general,148,,
god_eater_3,copyright,148,,
hakurei_frontier_spell_strive,copyright,148,,
head_kiss,general,148,,
hinabita,copyright,148,,
joui,general,148,,
kakushite!_makina-san!!,copyright,148,,
kamen_rider_gotchard,character,148,,
kidagakash,character,148,,
kouzuki_yuniko,character,148,,
lemur,general,148,,
male_sensei_(blue_archive),character,148,,
marie_(atelier),character,148,,
mikagami_shining,character,148,,
minagi_hiyori,character,148,,
munkidori,character,148,,
oracle_of_seasons,copyright,148,,
prism_magical,copyright,148,,
psy-min_appli_-akumu_no_netorare_game-,copyright,148,,
pure_white_memories,general,148,,
rika_yagyu,character,148,,
rivet_(ratchet_&amp;_clank),character,148,,
sara_sara_sasara,copyright,148,,
sexheroine_shining,copyright,148,,
shepherd&#039;s_crook,general,148,,
shinozaki_ayumi,character,148,,
stella_bremer,character,148,,
thetis_(last_origin),character,148,,
tsumamigui,copyright,148,,
virgo_shaka,character,148,,
z1_leberecht_maass_(oktoberfest)_(kancolle),character,148,,
zangetsu_(shikai),general,148,,
aiden_flynn,character,147,,
andrew_hanbridge,character,147,,
angelic_link,copyright,147,,
arms_tied_behind,general,147,,
asura&#039;s_wrath,copyright,147,,
battle_spirits:_burning_soul,copyright,147,,
beta_digimon,general,147,,
chocolate_on_clothes,general,147,,
defeated_villainess,general,147,,
demon_girl_(cosplay),general,147,,
dennou_tenshi_djibril,copyright,147,,
digesting_girl,general,147,,
duman,general,147,,
ecute,character,147,,
eikthyrnir_(fire_emblem),character,147,,
elc_(arc_the_lad),character,147,,
entropy_(honkai_impact_3rd),character,147,,
fig_stew_(honkai:_star_rail),character,147,,
fruit_focus,general,147,,
goddess_bracelet,general,147,,
hand_over_head,general,147,,
high_altitude,general,147,,
izayoi_sonosuke,character,147,,
judy_alvarez,character,147,,
kango_shichauzo_2,copyright,147,,
kasumi_mahiru,character,147,,
katori_batsuunsai,character,147,,
kawakita_tomoe,character,147,,
kondou_misaka,character,147,,
louis_arneb,character,147,,
lucie_menelumia,character,147,,
morimoto_yuni,character,147,,
musashi_(the_purple_rabbit&#039;s_marksmanship)_(azur_lane),character,147,,
netherlands_(hetalia),character,147,,
nice_(to_be_hero_x),character,147,,
nijiiro_passions!_(love_live!),copyright,147,,
nippleless_bikini,general,147,,
northern_ocean_hime_(cosplay),general,147,,
osakabe_mahiro,character,147,,
pronghorn_(kemono_friends),character,147,,
ren_(witch&#039;s_weapon),character,147,,
rock_&#039;n&#039;_rock_&#039;n&#039;_beat,copyright,147,,
seito_kaichou_hikaru,copyright,147,,
sekino_roko,character,147,,
sengoku_kamuri,character,147,,
shirayuki_hime_(bishoujo_mangekyou),character,147,,
spadamon,character,147,,
super_robot_wars_destiny,copyright,147,,
taking_another&#039;s_hand,general,147,,
tashkent_(the_bound_cruiser)_(azur_lane),character,147,,
tominaga_ryo,character,147,,
tottemo_pheromone,copyright,147,,
valentine_chocolate,general,147,,
vanny_(fnaf),character,147,,
alice_(ragnarok_online),character,146,,
anko_(gochuumon_wa_usagi_desuka?),character,146,,
aquarius_camus,character,146,,
attack_aircraft,general,146,,
baigao-ji_(baigao),character,146,,
betilla_(rayman),character,146,,
cardigan_on_shoulders,general,146,,
cutout_gloves,general,146,,
delmin_(show_by_rock!!),character,146,,
ebisu_(dorohedoro),character,146,,
fenrir_(last_origin),character,146,,
fish_costume,general,146,,
fossil_fighters,copyright,146,,
growing_out_of_body,general,146,,
hachiko_of_castling,character,146,,
holding_another&#039;s_finger,general,146,,
kangoku_academia,copyright,146,,
kanojo_wa_dare_to_demo_sex_suru,copyright,146,,
kiryu_kyosuke,character,146,,
kiyoura_setsuna,character,146,,
kurihama_akemi,character,146,,
lewd_edit,general,146,,
linia_dedoldia,character,146,,
may_(spring_2021)_(pokemon),character,146,,
mijuku_dreamer,copyright,146,,
mizuki_(genshin_impact),character,146,,
mouse_girl_(yuuki_(yuyuki000)),character,146,,
naval_artillery,general,146,,
okapi_(kemono_friends),character,146,,
orc_ni_maketa_kuni_7,copyright,146,,
ore_ga_ojou-sama_gakkou_ni_&quot;shomin_sample&quot;_toshite_rachirareta_ken,copyright,146,,
p/a:_potential_ability,copyright,146,,
pig_(kemono_friends),character,146,,
polka_dot_gloves,general,146,,
primal_hearts,copyright,146,,
purple_lightning,general,146,,
real_eroge_situation!_dt,copyright,146,,
role_player:_okayu_shimai_no_nenmaku_potrait_-_gurigucha_live!,copyright,146,,
saddle-drum,general,146,,
seth_(closers),character,146,,
shiina_chizuru,character,146,,
ski_gear,general,146,,
spiked_legwear,general,146,,
sylvia_sherwood,character,146,,
tentacle_monster,general,146,,
tikoh,character,146,,
usui_shirayuki,character,146,,
wally_west,character,146,,
wario_land_4,copyright,146,,
yashiro_momoka,character,146,,
yuuto_(yu-gi-oh!),character,146,,
alcina_dimitrescu_(cosplay),general,145,,
anita_(darkstalkers),character,145,,
arm_vines,general,145,,
athena_(p&amp;d),character,145,,
ayato_utae,character,145,,
azura_(dark_songstress)_(fire_emblem),character,145,,
bcy_username,general,145,,
comic_x-eros,copyright,145,,
commandramon,character,145,,
dress_straps,general,145,,
eltolinde_(unicorn_overlord),character,145,,
fixing_hair,general,145,,
handjob_under_clothes,general,145,,
in_air,general,145,,
in_pot,general,145,,
izumo_saki,character,145,,
j7w_village,copyright,145,,
jin_musou,character,145,,
jochuu-san,character,145,,
kajiyama_fuuta,character,145,,
kannabi_no_mikoto,character,145,,
katase_yuzu,character,145,,
lead_white_(tsurunoka),character,145,,
lich_(monster_girl_encyclopedia),character,145,,
maeno_aki,character,145,,
makai_tenshi_djibril_2,copyright,145,,
malga_naruze,character,145,,
mamonomusume_to_no_seikatsu_~ramia_no_baai~,copyright,145,,
mega_altaria,character,145,,
meimei_(p&amp;d),character,145,,
meteora_osterreich,character,145,,
mg4_(girls&#039;_frontline),character,145,,
ninomae_ina&#039;nis_(pastry_chef),character,145,,
no_toes,general,145,,
omega_labyrinth_life,copyright,145,,
pennywise,character,145,,
phase_connect_jp,copyright,145,,
pink_polka_dots,general,145,,
pulling_at_clothes,general,145,,
rafflesimon,character,145,,
rianti-wong,general,145,,
sagara_arisa,character,145,,
samarie_(fear_&amp;_hunger),character,145,,
shirogane_noel_(nun),character,145,,
sleeve_pouch,general,145,,
sora_no_kanata_no_dystopia_x_shitei,copyright,145,,
surgeon,general,145,,
takase_mizuki,character,145,,
taleskko_5,copyright,145,,
taped_arms,general,145,,
tohno_gen,character,145,,
tula_arms_plant,copyright,145,,
uchiha_shisui,character,145,,
usagi_(chiikawa),character,145,,
white_dog_man_(manmosu_marimo),character,145,,
yamamura_sadako_(cosplay),general,145,,
yurishiro_ginko,character,145,,
arms_around_self,general,144,,
background_sex,general,144,,
bedside,general,144,,
black_wedding_dress,general,144,,
body_harness,general,144,,
cham_fau,character,144,,
changing,general,144,,
chotto_dake_ai_ga_omoi_dark_elf_ga_isekai_kara_oikakete_kita,copyright,144,,
computerized_scope,general,144,,
creighton_of_mirrah,character,144,,
cynthia_lane,character,144,,
date_makiko,character,144,,
dima_(girls&#039;_frontline),character,144,,
elise_(doa),character,144,,
emilou_apacci,character,144,,
fur_trimm,general,144,,
gegege_no_kitarou_5,copyright,144,,
granzella,copyright,144,,
hand_on_cane,general,144,,
heida_no_akyuu,general,144,,
hero_(dq6),character,144,,
hood_over_eyes,general,144,,
indou_yuugi_omega,copyright,144,,
kashii_airi,character,144,,
kashima_(christmas)_(kancolle),character,144,,
kuramoto_erika,character,144,,
leilan_(p&amp;d),character,144,,
mabel_(black_souls),character,144,,
maidena_angers,character,144,,
mighty_sailor,general,144,,
minazuki_shigure,character,144,,
omegashoutmon,character,144,,
pai-chan_(naozuri),character,144,,
pantyhose_around_legs,general,144,,
pilot_chair,general,144,,
ping_hai_(summer_vacation)_(azur_lane),character,144,,
ran-ran,character,144,,
ranier_layarte,character,144,,
rumeld_othmayer,character,144,,
ryu_(breath_of_fire_iii),character,144,,
sasami-san@ganbaranai,copyright,144,,
scar_on_sternum,general,144,,
serena_cadenzavna_eve,character,144,,
shiobana_haruno,character,144,,
takanashi_hikari,character,144,,
tekken_blood_vengeance,copyright,144,,
tsumemon,character,144,,
umihara_kawase_(character),character,144,,
vertical-striped_suit,general,144,,
wannai_kinuho,character,144,,
wild_flower,copyright,144,,
yggdrasill_(digimon),character,144,,
ajin_ga_osuki_nan_desu_ne,copyright,143,,
ak-12_(quiet_azure)_(girls&#039;_frontline),character,143,,
amamiya_sakura,character,143,,
aurica_nestmile,character,143,,
black_briefs,general,143,,
boku_to_sensei_to_tomodachi_no_mama,copyright,143,,
butterfly_print_haori,general,143,,
can_a_boy-girl_friendship_survive?,copyright,143,,
chijoku_no_onna_kishi,copyright,143,,
city_shrouded_in_shadow,copyright,143,,
cream_soda,general,143,,
creature_on_lap,general,143,,
daniel_j._d&#039;arby,character,143,,
date_a_live:_date_a_bullet,copyright,143,,
dirty_socks,general,143,,
dokidoki_sister_aoi-chan,copyright,143,,
fio-chan_(big_o_pants),character,143,,
firika_mia_shatana,character,143,,
fish_skeleton_print,general,143,,
fishnet_dress,general,143,,
fujita_asagao,character,143,,
fuuchouin_kazuki,character,143,,
godzilla:_final_wars,copyright,143,,
gregor_(tsurunoka),character,143,,
hand_on_sword,general,143,,
hearthstone,copyright,143,,
hinasaki_miku,character,143,,
houshou_marine_(ahoy!!_you&#039;re_all_pirates),character,143,,
katsuragi_shouko,character,143,,
kevin_dragonfly,character,143,,
kumatetsu,character,143,,
large_forehead,general,143,,
lesser_panda_(kemono_friends),character,143,,
lopera_(reverse:1999),character,143,,
maniwa_roka,character,143,,
melissa_claire,character,143,,
miette_(pokemon),character,143,,
million_live_card,general,143,,
misaka_kaori,character,143,,
mk48_(girls&#039;_frontline),character,143,,
nagasawa_yuki_(assault_lily),character,143,,
nagasumi_eiji,character,143,,
nanao_akane,character,143,,
nanashi_(shirogane_usagi),character,143,,
obese_female,general,143,,
olberic_eisenberg,character,143,,
patent_boots,general,143,,
playerunknown&#039;s_battlegrounds,copyright,143,,
plue,character,143,,
randall_boggs,character,143,,
rotom_(wash),character,143,,
single_garter,general,143,,
skirt_aside,general,143,,
sonic_racing:_crossworlds,copyright,143,,
star_hairband,general,143,,
string_around_neck,general,143,,
sutera_(granblue_fantasy),character,143,,
takarada_rikka_(solarain_toys),character,143,,
tenma_cecile,character,143,,
tokimeki_memorial_girl&#039;s_side_1st_love,copyright,143,,
ump45_(agent_lop_rabbit)_(girls&#039;_frontline),character,143,,
wings_through_clothes,general,143,,
wolf&#039;s_rain,copyright,143,,
yukawa_kise,character,143,,
z_(reverse:1999),character,143,,
zettai_junpaku_mahou_shoujo,copyright,143,,
anne_(jojo),character,142,,
armored_core_last_raven,copyright,142,,
artstation_logo,general,142,,
blood_in_water,general,142,,
bullying_viewer,general,142,,
chikuwa_(yurucamp),character,142,,
chris_northfield,character,142,,
crocalor,character,142,,
devil-seal,copyright,142,,
dojima_daigo,character,142,,
echidna_(queen\&#039;s_blade),general,142,,
eight-handed_wheel,general,142,,
esther_freeling,character,142,,
fn_5.7x28mm,general,142,,
frontwing,copyright,142,,
hannah_(mahjong_soul),character,142,,
hinatsuru_(kimetsu_no_yaiba),character,142,,
ho&#039;olheyak_(carriage_of_the_winds_of_time)_(arknights),character,142,,
ichinose_hotaru,character,142,,
inari_(summer_pockets),general,142,,
kashimo_hajime,character,142,,
kurumi_(hazakura_hinata),character,142,,
lapis_rosenberg,character,142,,
larfa,character,142,,
lord&#039;s_blade_ciaran,character,142,,
love_cube,copyright,142,,
margot_knight,character,142,,
master_and_pupil,general,142,,
mimi_pearlbaton,character,142,,
mirai_no_bokura_wa_shitteru_yo,copyright,142,,
mitsu_no_tama_yori_hime,character,142,,
monou0135,general,142,,
moon_earrings,general,142,,
mousse_(one_piece),character,142,,
nanbara_chizuru,character,142,,
npc_(genshin_impact),general,142,,
number_balloon,general,142,,
ogata_airi,character,142,,
otokano_~otouto_no_kanojo_ga_bunkei_de_tsuyome!?~,copyright,142,,
oyasumi_sex,copyright,142,,
project_tokyo_dolls,copyright,142,,
ship&#039;s_wheel_ornament,general,142,,
shurimon,character,142,,
skypiea,general,142,,
stinky_ass,general,142,,
suou_tamaki,character,142,,
sweater_under_dress,general,142,,
taurus_aldebaran,character,142,,
tayo,character,142,,
tenjouin_fubuki,character,142,,
tinkerbell_(company),copyright,142,,
tramp,general,142,,
ubisoft,copyright,142,,
uchi_no_kaisha_no_chiisai_senpai_no_hanashi,copyright,142,,
umenomori_chise,character,142,,
uruuru,character,142,,
venus_eleven_vivid!,copyright,142,,
weird_guns_of_the_world,copyright,142,,
wizardry_variants_daphne,copyright,142,,
yu_(bosshi),character,142,,
amamiya_shizuku_(hizuki_yayoi),character,141,,
anice_farm,character,141,,
astrologian_(final_fantasy),character,141,,
boin_lecture,copyright,141,,
butterfly_ring,general,141,,
charlotte_christine_de_colde,character,141,,
chouno_hina,character,141,,
colored_mouth,general,141,,
cupless_babydoll,general,141,,
eagle_(reverse:1999),character,141,,
ela_(rainbow_six_siege),character,141,,
empress_(dmfd),character,141,,
eunha_(gfriend),character,141,,
fiery_clothing,general,141,,
freckles_on_shoulder,general,141,,
hakurou_(onmyoji),character,141,,
heart_pin,general,141,,
hida_kizuna,character,141,,
hs2000_(girls&#039;_frontline),character,141,,
jaffar_(fire_emblem),character,141,,
jeanne_d&#039;arc_(inazuma_eleven),character,141,,
juukon_sentai_juusoldier_(takeda_hiromitsu),copyright,141,,
kimishima_ayano,character,141,,
l-elf,character,141,,
latex_top,general,141,,
m3_grant,general,141,,
minazuki_ruka,character,141,,
mirelia_q_melromarc,character,141,,
mishima_yurara,character,141,,
miyuki_mama,character,141,,
mogi_natsuki,character,141,,
nakamura_ayamo,character,141,,
nami_(one_piece)_(thriller_bark),character,141,,
nanakura_koharu,character,141,,
ng_knight_lamune_&amp;_40,copyright,141,,
pringles_can,general,141,,
pussy_play,general,141,,
rinia_dedoldia,character,141,,
rudolph_the_red_nosed_reindeer_(cosplay),general,141,,
ryuukishi_bloody_saga,copyright,141,,
sakurai_erika,character,141,,
saraana,character,141,,
saruyama_kenichi,character,141,,
schroedinger_(hellsing),character,141,,
shihou_matsuri,character,141,,
shiomiya_shiori,character,141,,
suma_(kimetsu_no_yaiba),character,141,,
tall_female_short_male,general,141,,
teardrop-shaped_gem,general,141,,
tiana_(the_princess_and_the_frog),character,141,,
tojo_nozomi_(cosplay),general,141,,
ukkomon,character,141,,
wendi_(nanoha),character,141,,
wet_bra,general,141,,
yamori_kou,character,141,,
yao_(sdorica),character,141,,
yune_(ikoku_meiro_no_croisee),character,141,,
yuriko_(gnosia),character,141,,
yuuki_(digimon),character,141,,
zoey_(left4dead),character,141,,
aloe_(ishuzoku_reviewers),character,140,,
anteater,general,140,,
auruo_bossard,character,140,,
bertille_althusser,character,140,,
binkan_kyonyuu_bishoujo_tsunfuwa_iyarashi_massage,copyright,140,,
bun_(food),general,140,,
chakapi,character,140,,
cherry_blossom_(sk8),character,140,,
distressed,general,140,,
dust_514,copyright,140,,
ezo_brown_bear_(kemono_friends),character,140,,
fezandipiti,character,140,,
fujino_kiyoshi,character,140,,
fushigi_yuugi,copyright,140,,
gager_(girls&#039;_frontline),character,140,,
glamrock_freddy,character,140,,
glowing_hat,general,140,,
gundam_seed_astray,copyright,140,,
haineko,character,140,,
hana_no_joshi_ana:_newscaster_etsuko,copyright,140,,
hand_on_headset,general,140,,
head_on_another&#039;s_stomach,general,140,,
holding_own_ears,general,140,,
honma_akehi,character,140,,
intermediate_cartridge,general,140,,
"kan&#039;ochi_x_netorare_kazoku_~anata,_yurushite._watakushi-tachi,_uwaki_sex_ni_honki_de_hamacchatta_no~",copyright,140,,
katainaka_ni_totsui_de_kita_russia_musume_to_h_shimakuru_ohanashi,copyright,140,,
kitahara_mio,character,140,,
kousaka_haruka,character,140,,
kurihara_hina,character,140,,
kushana,character,140,,
lacrosse_stick,general,140,,
ledo_(suisei_no_gargantia),character,140,,
libido_7,copyright,140,,
misha_(pita_ten),character,140,,
mori_tatsuki,character,140,,
musical_note_background,general,140,,
my_melody_(cosplay),general,140,,
natsume_kokkoro_(princess_connect!),character,140,,
ninym_ralei,character,140,,
partial_bodysuit,general,140,,
pastels,general,140,,
pinching_nipple,general,140,,
play!_play!_play!,copyright,140,,
print_robe,general,140,,
ratchet_&amp;_clank:_rift_apart,copyright,140,,
real_eroge_situation!,copyright,140,,
reebok,copyright,140,,
riddle_soft,copyright,140,,
ruby_(jewelpet),character,140,,
rusalka_schwagerin,character,140,,
sagara_sanosuke,character,140,,
sauropod,general,140,,
shaolin_monk,general,140,,
shiba_hibino,character,140,,
tattoo_on_neck,general,140,,
toaru_majutsu_no_index:_endymion_no_kiseki,copyright,140,,
umbral_knight_(ender_lilies),character,140,,
vanir,character,140,,
wheat_print,general,140,,
yumesaki_haruko,character,140,,
yuna_(mega_man),character,140,,
zena_(project_moon),character,140,,
aina_saharin,character,139,,
alva_(girls&#039;_frontline_2),character,139,,
ancientirismon,character,139,,
angel_on_shoulder,general,139,,
biting_tongue,general,139,,
candy_kong,character,139,,
cardfight!!_vanguard_g,copyright,139,,
chui_(weapon),general,139,,
clam_shell_ornament,general,139,,
cytus,copyright,139,,
demigoddess,general,139,,
dragon_shiryuu,character,139,,
electric_toothbrush,general,139,,
ender_magnolia_bloom_in_the_mist,copyright,139,,
feather_fingers,general,139,,
foxy_(fnaf),character,139,,
g\&#039;raha_tia,general,139,,
half_up_half_down_hairstyle,general,139,,
hayasaki_yurine,character,139,,
hhh_triple_ecchi,copyright,139,,
himeno_mikoto,character,139,,
hoshizaki_rika_(kanojo_mo_kanojo),character,139,,
hoshoku_game,copyright,139,,
jasper_(steven_universe),character,139,,
kaidan_restaurant,copyright,139,,
khara_(animation_studio),copyright,139,,
kishibe_rie,character,139,,
kogure_miori,character,139,,
kotsu_masumi,character,139,,
koujaku,character,139,,
lamiamon,character,139,,
lorelei_(reverse:1999),character,139,,
louis_(metaphor:_refantazio),character,139,,
love_r,copyright,139,,
marchen_awakens_romance,copyright,139,,
minazuki_haruka_(twin_angel),character,139,,
namari_(dungeon_meshi),character,139,,
nejikawa_raimu,character,139,,
oppai_no_ouja_48,copyright,139,,
origami_family&#039;s_elite_guard_uniform,general,139,,
pedocats,character,139,,
player_character,general,139,,
polka_dot_footwear,general,139,,
queenbeemon,character,139,,
quilt_(game),copyright,139,,
rococo_urupa,character,139,,
sakuraba_seira,character,139,,
sash_lilac,character,139,,
siren_(series),copyright,139,,
son_goku_(saiyuki),character,139,,
starmon_(digimon_xros_wars),character,139,,
supersonic_ammunition,general,139,,
takanashi_sora,character,139,,
traptrix_pinguicula,character,139,,
two-sided_ribbon,general,139,,
two-tone_armor,general,139,,
ueno_koyori,character,139,,
usami_haruka_(iinazuke_wa_imouto-sama!),character,139,,
usami_yuuna,character,139,,
white_kosode,general,139,,
wisemon,character,139,,
yokohama_dena_baystars,copyright,139,,
3ping_lovers!_ippu_nisai_no_sekai_e_youkoso,copyright,138,,
action_lines,general,138,,
amagi_karin,character,138,,
amanokawa_hiro_(cosplay),general,138,,
american_flag_print_panties,general,138,,
ammunition_chute,general,138,,
aquila_(symbol),general,138,,
artoria_pendragon_alter_(swimsuit_rider)_(third_ascension)_(fate),character,138,,
athena_(granblue_fantasy),character,138,,
baraag_username,general,138,,
beryl_(junkpuyo),character,138,,
brume_(reverse:1999),character,138,,
buro_(muse_dash),character,138,,
byakko_(kemono_friends),character,138,,
cala_maria_(cuphead),character,138,,
calling_card,general,138,,
cel_shading_(3d),general,138,,
chicomon,character,138,,
cinderella_(sinoalice),character,138,,
digimon_crusader,copyright,138,,
discord_logo,general,138,,
ecchi_na_onee-chan_ni_shiboraretai,copyright,138,,
elevator_operator,general,138,,
enno_chiaki,character,138,,
fukamori_arata,character,138,,
genei_ibunroku_#fe,copyright,138,,
greymon_(digimon_xros_wars),character,138,,
guinea,character,138,,
gyuutarou_(kimetsu_no_yaiba),character,138,,
head_on_knee,general,138,,
hououji_akane,character,138,,
in&#039;youchuu_shoku,copyright,138,,
kaisergreymon,character,138,,
kankuro,character,138,,
karoo_(one_piece),character,138,,
kazama_shoto,character,138,,
kirino_ranmaru_(mixi_max_jeanne_d&#039;arc),general,138,,
kogure_kiminobu,character,138,,
lucia_(pangya),character,138,,
lymle_lemuri_phi,character,138,,
m1918_bar_(girls&#039;_frontline),character,138,,
"maketara_omae,_hitoban_ore_no_omocha_na",copyright,138,,
masamune_(pokemon),character,138,,
mifune_densuke,character,138,,
minase_koito,character,138,,
muguruma_kensei,character,138,,
oda_nobunaga_(sengoku_collection),character,138,,
oshima_takeshi,character,138,,
pandora_(p&amp;d),character,138,,
penelope_(hathaway&#039;s_flash),character,138,,
red_sonja,character,138,,
renjouji_beru,character,138,,
rosette_christopher,character,138,,
setouchi_chie,character,138,,
shin_yoosung,character,138,,
sucking_blood,general,138,,
tsui_no_sora,general,138,,
with_you,copyright,138,,
yasaka_(high_school_dxd),character,138,,
yuri_harem,general,138,,
aegir_(iron_blood&#039;s_dragon_maid)_(azur_lane),character,137,,
akiko_gold,copyright,137,,
akuma_wo_mae_ni_shite_harem_wo_tsukuru_to_sakenda_mono,copyright,137,,
alice_elliot,character,137,,
an-94_(silent_rouge)_(girls&#039;_frontline),character,137,,
ancientgreymon,character,137,,
anne_(bravely_second),character,137,,
asou_misaki,character,137,,
asuka_period,general,137,,
atelier_kaguya_honky-tonk_pumpkin,copyright,137,,
ayame_(tenchuu),character,137,,
beaded_penis,general,137,,
black_smoke,general,137,,
box_on_head,general,137,,
buddha_(shuumatsu_no_valkyrie),character,137,,
buffalo,general,137,,
buta_no_liver_wa_kanetsu_shiro,copyright,137,,
cannon_cartridge,general,137,,
charlie_brown,character,137,,
comic_megastore,copyright,137,,
finch_(xenoblade),character,137,,
gash_bell,character,137,,
gazimon,character,137,,
goho_mafia!_kajita-kun,copyright,137,,
gold_jacket,general,137,,
guren_(code_geass),character,137,,
hair_net,general,137,,
high-explosive_cartridge,general,137,,
idolmaster_one_for_all,copyright,137,,
ishizuka_fujino,character,137,,
jack_the_ripper_(fate/apocrypha)_(cosplay),general,137,,
james_p._sullivan,character,137,,
kaho_(sister_princess),character,137,,
katori_squad&#039;s_uniform,general,137,,
kaya_(hazakura_hinata),character,137,,
kunoichi_enrai,character,137,,
kuwagamon,character,137,,
kyuubi_(naruto),character,137,,
lamia_hygieia,character,137,,
leather_collar,general,137,,
lily_bloomerchen,character,137,,
luceria_von_diamante,character,137,,
maaya_(shimai_don),character,137,,
mano_youko,character,137,,
mega_man_x1,copyright,137,,
mito_mashiro,character,137,,
naoe_yamato,character,137,,
ningyo_hime_(sinoalice),character,137,,
numbers&#039;_uniform,general,137,,
orchid_(maplestory),character,137,,
orihime_(tanabata),character,137,,
pistol-caliber_carbine,general,137,,
red_dragon_(kemono_friends),character,137,,
removing_hat,general,137,,
renpu_girls_school_uniform,general,137,,
roxanne_wolf,character,137,,
sansha_mendan,copyright,137,,
say&#039;ri_(fire_emblem),character,137,,
sei_asagiri,character,137,,
seshima_rui,character,137,,
shelter,general,137,,
shikada_kokonotsu,character,137,,
tap_me_(meme),general,137,,
toono_ren,character,137,,
tsukishima_maira,character,137,,
tsunagaru_dream,copyright,137,,
tsuzuki_shiori,character,137,,
vapor,general,137,,
yagami_toa,character,137,,
zato-1,character,137,,
adjusting_strap,general,136,,
aldra_(queen\&#039;s_blade),general,136,,
alps_no_shoujo_heidi,copyright,136,,
anubimon,character,136,,
bache_(showy_sports_star)_(azur_lane),character,136,,
blooregard_q_kazoo,character,136,,
blue_briefs,general,136,,
boc&#039;z_(umamusume),general,136,,
castiel,character,136,,
chimairamon,character,136,,
chtholly_nota_seniorious,character,136,,
daiyan_(girls&#039;_frontline_2),character,136,,
do_m_tensei!_-otome_game_no_sekai_ni_mob_tensei_shita_rival_reijou-tachi_ga_do_s_sugiru!-,copyright,136,,
dobermon,character,136,,
donut_stamp,general,136,,
e-body,copyright,136,,
elena_(project_moon),character,136,,
eye_in_palm,general,136,,
fukaziroh_(sao),character,136,,
fusano_tomoka,character,136,,
gaelio_bauduin,character,136,,
hand_over_another&#039;s_eyes,general,136,,
handler_(monster_hunter_world),character,136,,
ingrid_(sennen_sensou_aigis),character,136,,
kano_chinatsu,character,136,,
katase_shiori,character,136,,
keyhole_panties,general,136,,
kokuyou_(tsugumomo),character,136,,
kuhouin_murasaki,character,136,,
legjob,general,136,,
luoxiaohei,character,136,,
maejima_hitomi,character,136,,
mahou_shoujo_ikusei_keikaku_limited,copyright,136,,
minis,character,136,,
mira_(pokemon),character,136,,
momobami_ririka,character,136,,
monica_(dark_chronicle),character,136,,
neige_hausen,character,136,,
otome_dori,copyright,136,,
oversized_spoon,general,136,,
patty_(skullgirls),character,136,,
polka_dot_one-piece_swimsuit,general,136,,
potemayo,copyright,136,,
red_hood_(kawaguchi),copyright,136,,
reflective_clothes,general,136,,
ruki_(senyuu),character,136,,
sabrina_to_muryoku_na_tamashii,copyright,136,,
sam_(totally_spies!),character,136,,
sheathing,general,136,,
shimamoto_utako,character,136,,
shiraishi_kyouka,character,136,,
shirt_under_jacket,general,136,,
smart_scope,general,136,,
softhouse-seal_grandee,copyright,136,,
stealth_bondage,general,136,,
streamer_audio,general,136,,
tamsoft,copyright,136,,
the_legend_of_zelda:_four_swords,copyright,136,,
tina_topia,character,136,,
tomoya_(garden_~takamine-ke_no_nirinka~),character,136,,
turkey_(hetalia),character,136,,
yayoi_period,general,136,,
admiral_graf_spee_(peaceful_daily_life)_(azur_lane),character,135,,
akai_suzaku,character,135,,
allial_(coefont),character,135,,
anglerfish_boy,general,135,,
armored_core_5,copyright,135,,
bakeneko_(mythology),general,135,,
benelli_m4_super_90,general,135,,
blue_oak_(pokemon_hgss),character,135,,
cat_symbol,general,135,,
chi_lian_(qin_shi_ming_yue),character,135,,
clair_(fire_emblem),character,135,,
dorodra_(kisaragi_kaya),character,135,,
dsr-50_(highest_bid)_(girls&#039;_frontline),character,135,,
elf_all-stars_datsuijan_2,copyright,135,,
eye_in_hand,general,135,,
face_in_hands,general,135,,
feather_print,general,135,,
fujiki_maka,character,135,,
fujiwara_no_sai,character,135,,
gagged_(willingly),general,135,,
girls&#039;_generation,copyright,135,,
hisagi_shuuhei,character,135,,
hk416_(midnight_evangelion)_(girls&#039;_frontline),character,135,,
holding_cube,general,135,,
jk_to_ero_giin_sensei,copyright,135,,
kasli_(nyanko_daisensou),character,135,,
kawakami_seri,character,135,,
konishi_mitsuki,character,135,,
kurosaki_shun_(yu-gi-oh!),character,135,,
leo_aiolia,character,135,,
lloyd_(mother),character,135,,
lon&#039;qu_(fire_emblem),character,135,,
mary_hunt,character,135,,
mikogami_nagisa,character,135,,
military_lolita,general,135,,
nanjou_kei,character,135,,
naoe_kanetsugu_(hyakka_ryouran),character,135,,
oba-san_to_boku_no_h_na_obenkyou,copyright,135,,
official_underwear,general,135,,
oga_tatsumi,character,135,,
p-chan_(sao),character,135,,
pickmon,character,135,,
pyra_(xenoblade)_(cosplay),general,135,,
removing_pasties,general,135,,
ro635_(mod3)_(girls&#039;_frontline),character,135,,
rose_riverbank_(arknights),character,135,,
sandy_bash,character,135,,
shamane,character,135,,
spiral_hair,general,135,,
superstar_(granblue_fantasy),character,135,,
technos,copyright,135,,
temple_(series),copyright,135,,
the_girl_(fear_&amp;_hunger),character,135,,
transparent_kimono,general,135,,
tsue_to_tsurugi_no_wistoria,copyright,135,,
tsuina-chan,character,135,,
tsukimiya_ringo,character,135,,
tsukushite_agechau_4,copyright,135,,
two-tone_tube_top,general,135,,
yin-yang!_x-change_alternative,copyright,135,,
yukimura_chizuru,character,135,,
yuuna_shirahase,general,135,,
aino_ai,character,134,,
ar-57_(girls&#039;_frontline),character,134,,
archetype_earth_(second_ascension),character,134,,
arctic_hare_(kemono_friends),character,134,,
asougi_rin,character,134,,
audio_cable,general,134,,
azure_(armor),general,134,,
battlesuit,general,134,,
beach_nanpa,general,134,,
blue_boxer_briefs,general,134,,
calimero_(honey_come_chatka!!),character,134,,
celica_mel_nortoria,character,134,,
christiane_friedrich,character,134,,
deathblight_rpg,copyright,134,,
deva_(digimon),general,134,,
domain_expansion,general,134,,
elise_liedl,character,134,,
female_protagonist_(pokemon_go)_(cosplay),general,134,,
filing_cabinet,general,134,,
fishnet_veil,general,134,,
flash_(series),copyright,134,,
fukatsu_kazunari,character,134,,
garnet_til_alexandros_xvii_(cosplay),general,134,,
gelato_(jojo),character,134,,
hand_in_another&#039;s_pocket,general,134,,
hero_(under_the_witch),character,134,,
hikifune_kirio,character,134,,
isekai_shikkaku,copyright,134,,
izumi_kiri,character,134,,
izumi_kouhei,character,134,,
jean_bart_(private_apres_midi)_(azur_lane),character,134,,
june_lin_milliam,character,134,,
kama_(zenless_zone_zero),character,134,,
karin_(viper),character,134,,
koga_konoha,character,134,,
komadori_renge,character,134,,
kurame,character,134,,
kuroiwa_medaka_ni_watashi_no_kawaii_ga_tsuujinai,copyright,134,,
kyoka_(angel_blade),character,134,,
loveless,copyright,134,,
ludomon,character,134,,
miracle_wave,copyright,134,,
momose_kurumi,character,134,,
moon_rhapsody,copyright,134,,
nademonogatari,copyright,134,,
natural_another_one_2nd_belladonna,copyright,134,,
nocchi_(perfume),character,134,,
ofuda_on_leg,general,134,,
ogasawara_rinko,character,134,,
olu_mel,character,134,,
pikachu_costume,general,134,,
pinocchio_(sinoalice),character,134,,
platform_mules,general,134,,
qbz-191_(girls&#039;_frontline),character,134,,
r_daneel_olivaw,character,134,,
re:lief_~shin&#039;ai_naru_anata_e~,copyright,134,,
reflex_sight,general,134,,
rellana_twin_moon_knight,character,134,,
ren&#039;ai_karichaimashita,copyright,134,,
return_of_ultraman,copyright,134,,
saya_(majo_no_tabitabi),character,134,,
secilia_(kishi),character,134,,
seizon_honnou_valkyria,general,134,,
sena_airi,character,134,,
shirley_warwick,character,134,,
soushin_no_ars_magna,copyright,134,,
stechkin_(girls&#039;_frontline),character,134,,
string_in_mouth,general,134,,
top_(company),copyright,134,,
transparent_socks,general,134,,
two-tone_bandeau,general,134,,
tyki_mikk,character,134,,
unown_s,character,134,,
yamate_kyouko,character,134,,
yuki_(chaos_zero_nightmare),character,134,,
aikawa_aika,character,133,,
akame-chan_(kyo-yan),character,133,,
amamiya_shisui,character,133,,
anus_visible_through_clothes,general,133,,
asuna_(blue_archive)_(cosplay),general,133,,
balloon_party,character,133,,
bard_(final_fantasy),character,133,,
bb_dubai_(fate)_(cosplay),general,133,,
belphemon_rage_mode,character,133,,
bending_backward,general,133,,
broken_door,general,133,,
catherine_kyoubashi,character,133,,
chikujouin_magane,character,133,,
ciel_nosurge,copyright,133,,
creepy-tan,character,133,,
desscaras,character,133,,
diao_ye_zong,copyright,133,,
divergence_eve,copyright,133,,
exia,character,133,,
fiona_(zoids),character,133,,
fuse_(apex_legends),character,133,,
gentiane_(girls&#039;_frontline),character,133,,
green_underwear_(male),general,133,,
hataage!_kemono_michi,copyright,133,,
hazuki_kurumi,character,133,,
himeno_yuria,character,133,,
holding_net,general,133,,
holding_record,general,133,,
imminent_irrumatio,general,133,,
inamori_mika,character,133,,
jubeat,copyright,133,,
kaitou_reiko,character,133,,
kashiyuka,character,133,,
king_of_kinks,copyright,133,,
lion_hair,general,133,,
lost_robin_rondo,character,133,,
m1911_(girls&#039;_frontline),character,133,,
mago_(zenpen),copyright,133,,
magus_tale,copyright,133,,
makibi_kiyone,character,133,,
marin_(ragnarok_online),character,133,,
mary_(bay_goddess)_(nikke),character,133,,
minamisawa_atsushi,character,133,,
moose_girl,general,133,,
naval_gun,general,133,,
nekomata_(zenless_zone_zero),character,133,,
nino_(arakawa),character,133,,
nishiura_sora,character,133,,
nogi_yu,character,133,,
one_(drag-on_dragoon),character,133,,
ooshima_yotsuha,character,133,,
panam_palmer,character,133,,
parchment,general,133,,
prince_of_wales_(warship_girls_r),character,133,,
purple_electricity,general,133,,
pussy_out_of_frame,general,133,,
reikadou_ayame,character,133,,
reno_(biggest_little_cheerleader)_(azur_lane),character,133,,
rin_(bunny_garden),character,133,,
sakuragi_mai,character,133,,
selfie_pose,general,133,,
semi-automatic_rifle,general,133,,
sera_(mega_man),character,133,,
seria_(kishi),character,133,,
shinomiya_natsusha,character,133,,
shirogane_lily,character,133,,
shokusai_no_shima:_island_of_the_dead,copyright,133,,
strong_woman,general,133,,
suzuya_(school_girl)_(kancolle),character,133,,
tademaru_shiki,character,133,,
takeuchi_yuka,character,133,,
thighs_focus,general,133,,
tongue_suck,general,133,,
transparent_bodystocking,general,133,,
tulin_(zelda),character,133,,
universal_studios,copyright,133,,
unown_i,character,133,,
weno&#039;s_blonde_original_character,character,133,,
win_variation_(dramatic_tutu)_(umamusume),character,133,,
yatogami_tohka_(true_form),character,133,,
yukishiro_akira,character,133,,
.hack//roots,copyright,132,,
aria_blaze,character,132,,
azusagawa_kaede,character,132,,
badger,general,132,,
black_lilith_(last_origin),character,132,,
black_wyrm_(last_origin),character,132,,
bloodberry,character,132,,
brendan_(pokemon_emerald),character,132,,
capricorn_shura,character,132,,
chain_gun,general,132,,
chameleon_girl,general,132,,
chaperomon,character,132,,
chastity_bra,general,132,,
cinderella_(fairy_tale_character)_(cosplay),general,132,,
cropped_cardigan,general,132,,
cygnus_hyouga,character,132,,
energy_tail,general,132,,
flower_hairclip,general,132,,
france_(female)_(hetalia),character,132,,
girls_und_panzer_gekitou!_maginot-sen_desu!!,copyright,132,,
imouto_paradise!_2,copyright,132,,
ishikawa_prefecture,general,132,,
judgement_bird,character,132,,
kaimanwanio,general,132,,
kani_nayuta,character,132,,
little_red_riding_hooded_mercenary,character,132,,
mahou_senshi_princess_tear,copyright,132,,
mako_(azuumori),character,132,,
mechanical_foot,general,132,,
mechanical_head,general,132,,
mega_sableye,character,132,,
mia_karnstein,character,132,,
mikogami_rimu,character,132,,
muramasa_(senran_kagura),character,132,,
naruko_shoukichi,character,132,,
ninkoro,copyright,132,,
olaf_(frozen),character,132,,
omoi_ryuugi,character,132,,
pipimon,character,132,,
png_conversion,general,132,,
print_swim_briefs,general,132,,
puyopuyo_n,copyright,132,,
rio_morales,character,132,,
saitou_furoufushi,character,132,,
senjou_no_electro_girl,copyright,132,,
shinjin_succubus_(konosuba),character,132,,
shirakawa_nanaka,character,132,,
shorts_rolled_up,general,132,,
shutara_senjumaru,character,132,,
slut_princess,copyright,132,,
taller_female_shorter_male,general,132,,
thumbs_up_emoji,general,132,,
tropical_liquor,copyright,132,,
tsugino_haru,character,132,,
tsukioka_yui,character,132,,
zentreya_(dragon)_(cowboy_bikini),character,132,,
0verflow,copyright,131,,
alouette_(mega_man),character,131,,
amano_madoka,character,131,,
angel_(dragon_ball),character,131,,
bandage_in_mouth,general,131,,
bianka_durandal_ataegina_(palatinus_equinox),character,131,,
cat_bra,general,131,,
charles_zi_britannia,character,131,,
cloud_collar,general,131,,
clover_(totally_spies!),character,131,,
colt_revolver_(girls&#039;_frontline),character,131,,
cylinder_(weapon),general,131,,
demon_(monster_girl_encyclopedia),character,131,,
destiny_doll,general,131,,
elise_schwarzer,character,131,,
fafnir_(maidragon),character,131,,
futabasha,copyright,131,,
giant_panda_(kemono_friends),character,131,,
grey_(black_clover),character,131,,
hetzer_(tank),general,131,,
hijirigaoka_lisa,character,131,,
hooded_jumpsuit,general,131,,
iris_amicitia,character,131,,
ishura,copyright,131,,
javid_(shamash)_(dislyte),character,131,,
kai_toshiki,character,131,,
kannazuki_aoi,character,131,,
komodo_dragon_(kemono_friends),character,131,,
krulcifer_einfolk,character,131,,
kurama_norihito,character,131,,
kyriel,character,131,,
magnolia,general,131,,
majin_(race),general,131,,
male_squirt,general,131,,
mortis_(doll)_(bang_dream!),character,131,,
mu_qing_(tianguan_cifu),character,131,,
multiple_balls,general,131,,
nanael_(queen\&#039;s_blade),general,131,,
napoli_(azur_lane),character,131,,
nishino_tsukasa,character,131,,
octo_shot_(splatoon),general,131,,
orito_miku,character,131,,
owari_(shimmering_forsythia)_(azur_lane),character,131,,
penis_in_another&#039;s_pantyhose,general,131,,
phoenix_(x-men),character,131,,
qp_shooting,copyright,131,,
r18.com,copyright,131,,
"rin_to_shita_tsuma_wa,_hitoshirezu_midarazuma_e_to_ochite",copyright,131,,
sakura_petals,general,131,,
sakusa_kiyoomi,character,131,,
shuumatsu_train_doko_e_iku?,copyright,131,,
snowfield_police_uniform,general,131,,
suzushima_arisu,character,131,,
tennen_koi-iro_alcohol,copyright,131,,
tsukiyono_ruli_(cosplay),general,131,,
ump9_(mod3)_(girls&#039;_frontline),character,131,,
underbite,general,131,,
unryuji_knight,character,131,,
vex_shadow_(league_of_legends),character,131,,
wallachia_(melty_blood),character,131,,
warachia_(melty_blood),character,131,,
wilderness_bandit_risty,character,131,,
yohack,character,131,,
you_jiujiu,character,131,,
yssring_leavtruth,character,131,,
yuugo_(yu-gi-oh!),character,131,,
agnes_tachyon_(umamusume)_(cosplay),general,130,,
akai_ringo_(ookami-san),character,130,,
alice_mccoy,character,130,,
amagi_mashiro,character,130,,
animal_hairband,general,130,,
as_val,general,130,,
asa_made_jugyou_chu!,copyright,130,,
ayasegawa_yumichika,character,130,,
chair_bondage,general,130,,
character_ball,general,130,,
chiyo_(swing_out_sisters),character,130,,
digimon_adventure_(movie),copyright,130,,
dmm.com,copyright,130,,
dungeons_&amp;_dragons:_chronicles_of_mystara,copyright,130,,
farrah_(granblue_fantasy),character,130,,
farting_in_face,general,130,,
fei_wong_tomoe_ignacio,character,130,,
female_protagonist_(digimon_rearise),character,130,,
fiery_aura,general,130,,
final_fight_3,copyright,130,,
fingernail_polish,general,130,,
flower_bra,general,130,,
fujiwara_aya,character,130,,
girl&#039;s_avenue,copyright,130,,
godzilla_vs._mechagodzilla_ii,copyright,130,,
godzilla_vs._mothra,copyright,130,,
green_(game),copyright,130,,
grell_sutcliff,character,130,,
in-ear_earphones,general,130,,
isara_gunther,character,130,,
kadota_kyouhei,character,130,,
kaigaku,character,130,,
kakuchou_shoujo-kei_trinary,copyright,130,,
kawajiri_hayato,character,130,,
kikuhara_karin,character,130,,
kinezono_rio,character,130,,
kita_shinsuke,character,130,,
kouman_zuma_kanraku!!_ii_onna_dakedo_ya_na_onna,copyright,130,,
legs_out_of_frame,general,130,,
leo_whitefang,character,130,,
let&#039;s_la_go!_bokura_no_jiyuu_kenkyuu,copyright,130,,
madarame_ikkaku,character,130,,
maeda_keiji_(sengoku_basara),character,130,,
mamoru_(sister_princess),character,130,,
mash_burnedead,character,130,,
matrix_evolution,general,130,,
mega_sceptile,character,130,,
mejiro_palmer_(devil_in_the_moonlight)_(umamusume),character,130,,
mikami_reiko,character,130,,
monster_hunter_world:_iceborne,copyright,130,,
morita_ouka,character,130,,
motto!_haramase!_honoo_no_oppai_isekai_oppai_spy_gakuen!,copyright,130,,
nabari_anju,character,130,,
orifushi_natsumi,character,130,,
osafune_girls_academy_school_uniform,general,130,,
otamamon,character,130,,
otogi_frontier,copyright,130,,
power_(chainsaw_man)_(cosplay),general,130,,
red_sonja_(comics),copyright,130,,
sagara-san&#039;chi_no_etsuraku_life,copyright,130,,
sha-ming,character,130,,
sharon_(words_worth),character,130,,
soft_&amp;_wet,character,130,,
sophie_andrea_yukitou,character,130,,
steins;gate:_my_darling&#039;s_embrace,copyright,130,,
striped_swim_trunks,general,130,,
succubus_prison,copyright,130,,
suzuki_shou,character,130,,
tetsudou_musume,copyright,130,,
the_kabocha_wine,copyright,130,,
thigh_bands,general,130,,
tokoyami_towa_(cosplay),general,130,,
tomoe_(queen&#039;s_blade)_(cosplay),general,130,,
toy_chica,character,130,,
tsuruhime_yachiyo,character,130,,
valkyrie_profile_2:_silmeria,copyright,130,,
wakamatsu_hirotaka,character,130,,
water_torture,general,130,,
yuuichi_(koiito_kinenbi_the_animation),character,130,,
airi_(ogami_kazuki),character,129,,
alex_(stardew_valley),character,129,,
ameno_sagiri_(yuragisou_no_yuuna-san),character,129,,
a~chan,character,129,,
bb_(fate)_(cosplay),general,129,,
bebinn,character,129,,
belphemon_sleep_mode,character,129,,
broken_vase,general,129,,
chain_ushinawareta_sokuseki,copyright,129,,
chane_laforet,character,129,,
chanto_suenai_kyuuketsuki-chan,copyright,129,,
chicken_wing,general,129,,
cooking_mama,copyright,129,,
damemon,character,129,,
diola_(granblue_fantasy),character,129,,
dominant_futanari,general,129,,
fenriloogamon,character,129,,
flowers_in_hair,general,129,,
folded_wings,general,129,,
football_(object)_(american),general,129,,
fueguchi_hinami,character,129,,
gnome_(last_origin),character,129,,
gubo_(project_moon),character,129,,
haishinsha_no_chouten_ni_ore_wa_datsu!_subete_wo_ubae!_mezase_100_man_shasei!!,copyright,129,,
hamaoka_azusa,character,129,,
haruno_sora,character,129,,
huniepop_2,copyright,129,,
jack-o&#039;-lantern_head,general,129,,
kagetsu_(fire_emblem),character,129,,
kajiura_risa,character,129,,
kass,character,129,,
kenkou_zenrakei_suieibu_umishou,copyright,129,,
ko-fi_logo,general,129,,
koi_ni_wa_amae_ga_hitsuyou_desu,copyright,129,,
kotegawa_chisa,character,129,,
kuzuryuu_amane,character,129,,
lay&#039;s_(potato_chips),copyright,129,,
leaf_bra,general,129,,
love_2_quad,copyright,129,,
low-tied_medium_hair,general,129,,
magnagarurumon,character,129,,
marciana_(school_days)_(nikke),character,129,,
marcy_(chrono_cross),character,129,,
mashima_himeko_(show_by_rock!!),character,129,,
matikanetannhauser_(blue_turbulence)_(umamusume),character,129,,
mistwalker,copyright,129,,
muttsuri_dosukebe_tsuyu_gibo_shimai_no_honshitsu_minuite_sex_sanmai,copyright,129,,
plesiomon,character,129,,
poppin&#039;party,general,129,,
priest_(dungeon_and_fighter),character,129,,
riveria_ljos_alf,character,129,,
sakusei_byoutou:_kyouaku_naru_kangoshichou_ga_byouin_no_shin&#039;en_he_sennyuu_sousa,copyright,129,,
sendou_emi,character,129,,
shatte_judevesten,character,129,,
shin_(dragon_ball),character,129,,
shingeki_no_school_castes,copyright,129,,
spider-man_noir,character,129,,
switch_(av),copyright,129,,
team_ninja,copyright,129,,
the_minish_cap,copyright,129,,
tio_(konjiki_no_gash!!),character,129,,
triple_vertical_stripe,general,129,,
unown_n,character,129,,
vitamin_quest,copyright,129,,
yamazoe_uki,character,129,,
akabei_soft,copyright,128,,
akigumo_(comiket)_(kancolle),character,128,,
andou_minawa,character,128,,
asahina_natsuki,character,128,,
asparagus_(girls_und_panzer),character,128,,
aya_(oneechanbara),character,128,,
black_rock_shooter:_dawn_fall,copyright,128,,
byakko_(heaven_burns_red),character,128,,
chelia_blendy,character,128,,
chevalier_d&#039;eon_(maid_knight)_(fate),character,128,,
choker_pull,general,128,,
command_grab_(nuclear_wasabi),character,128,,
dark_mage_(fire_emblem_awakening),general,128,,
demonstration,general,128,,
dexter&#039;s_mom,character,128,,
dikke_(reverse:1999),character,128,,
dungeon_of_regalias:_haitoku_no_miyako_ishgalia,copyright,128,,
ernesti_echevalier,character,128,,
fellatio_hold,general,128,,
floral_print_sash,general,128,,
florist,general,128,,
golden_marriage,copyright,128,,
hand_signs,general,128,,
himekuma_ribon,character,128,,
hino_kahoko,character,128,,
hise_chirei,character,128,,
holding_severed_hair,general,128,,
homemaid_sweet_pea,copyright,128,,
i-504_(kancolle),character,128,,
inohara_koboshi,character,128,,
izumozaki_neneko,character,128,,
jisoo_(blackpink),character,128,,
kamura_(rain_prophet),character,128,,
kcco_(girls&#039;_frontline),character,128,,
kijima_shia,character,128,,
kisaki_mio,character,128,,
kitsunebi_naho_(mdf_an),character,128,,
kori_(trouble_spirit),character,128,,
kos-mos_ver._1,character,128,,
kousaka_daichi,character,128,,
kurusugawa_serika,character,128,,
laimu_(cozy)_(vtuber),character,128,,
li_yuting_(mouse),character,128,,
magician&#039;s_aerial_dream,copyright,128,,
majin_bone,copyright,128,,
manaka_nemu,character,128,,
mario_strikers:_battle_league,copyright,128,,
mast_(a_pirate&#039;s_heart)_(nikke),character,128,,
mikemon,character,128,,
nayru,character,128,,
paladin_(bikini_warriors),character,128,,
peter_grill_to_kenja_no_jikan,copyright,128,,
pussy_spread,general,128,,
seira_(mermaid_melody_pichi_pichi_pitch),character,128,,
shera_(succubus_soon),character,128,,
shin_megami_tensei_i,copyright,128,,
shiori_hoshi,character,128,,
shirahana_school_uniform,general,128,,
shrinking_breasts,general,128,,
sorbet_(jojo),character,128,,
sugiyama_mio,character,128,,
tanuki-soft,copyright,128,,
teaser,general,128,,
tkr_241,general,128,,
toume_akira,character,128,,
unown_t,character,128,,
upright_69,general,128,,
uzuki_makio,character,128,,
violette_(sound_horizon),character,128,,
watanuki_fuuri,character,128,,
whole_cake_island_dress,general,128,,
yomi_(sakura_dungeon),character,128,,
aem01,general,127,,
aoyama_hatsune,character,127,,
asagiri_mai,character,127,,
azusa_(vtuber),character,127,,
basch_fon_ronsenburg,character,127,,
battle_girl_(pokemon),character,127,,
black_&amp;_white,general,127,,
boxing_headgear,general,127,,
brown_haired_glasses_elf_(houtengeki),character,127,,
chain_the_lost_footprints,copyright,127,,
chigusa_nana_(cosplay),general,127,,
covering_body,general,127,,
dead_plants,general,127,,
death_parade,copyright,127,,
diane_foxington,character,127,,
ebino_mei,character,127,,
eborel,general,127,,
empty_x_embryo,copyright,127,,
fatina,character,127,,
fellatio_over_clothes,general,127,,
gekiyaku,character,127,,
haru_(tsunagaru_dream),character,127,,
haruka_gracia,character,127,,
hayasaka_ouka,character,127,,
holding_ear,general,127,,
honoo_no_haramase_motto!_hatsuiku!_karada_sokutei_2,copyright,127,,
judith_ranster,character,127,,
kadenokouji_kokuriko,character,127,,
kubo-san_wa_mob_wo_yurusanai,copyright,127,,
leviathin,general,127,,
lewis_(girls&#039;_frontline),character,127,,
lotusmon,character,127,,
maid_(kaiyari),character,127,,
marsmon,character,127,,
meddy.exe_(mega_man),character,127,,
meicrackmon,character,127,,
mercuremon,character,127,,
mito_kumi,character,127,,
n&#039;doul,character,127,,
nadie,character,127,,
noein,copyright,127,,
northern_goshawk_(kemono_friends),character,127,,
odagiri_hidetoshi,character,127,,
oosawa_maria,character,127,,
panther_print,general,127,,
pizza_takeout_obscenity,copyright,127,,
pokemon_rgby_beta,copyright,127,,
prologue_rouge_(idolmaster),general,127,,
r-otome,copyright,127,,
rakuen_shinshoku_island_of_the_dead,copyright,127,,
rapping,general,127,,
razmi_(indivisible),character,127,,
scheris_adjani,character,127,,
short_guy,general,127,,
super_taruco_(cosplay),general,127,,
swimsuit_writing,general,127,,
szayelaporro_granz,character,127,,
tachibana_kyoko_(girlfriend_(kari)),character,127,,
tactical_gloves,general,127,,
tales_of_the_world_radiant_mythology_3,copyright,127,,
taurus_(fairy_tail),character,127,,
terra_(dc),character,127,,
unohana_ran,character,127,,
uwa_renge,character,127,,
water_blue_new_world,copyright,127,,
yonebayashi_saiko,character,127,,
agoshi_sakina,character,126,,
ai_shimai:_futari_no_kajitsu,copyright,126,,
alex_(totally_spies!),character,126,,
ankle-strap_heels,general,126,,
ano_danchi_no_tsuma-tachi_wa,copyright,126,,
arisia_hellioxenes,character,126,,
awp_(girls&#039;_frontline)_(nekoya_(liu)),character,126,,
bandaid_on_eye,general,126,,
beelzebub_party_(vocaloid),copyright,126,,
berserker_(granblue_fantasy),character,126,,
bianka_durandal_ataegina_(valkyrie_gloria),character,126,,
black_hat_(villainous),character,126,,
black_leopard_(kemono_friends),character,126,,
blue_dragon_(kemono_friends),character,126,,
bolo_(shantae),character,126,,
bow_hair_ornament,general,126,,
breast_grabbed_from_behind,general,126,,
card_(ex-blue),general,126,,
colon_(stpri),character,126,,
cool_guys_don&#039;t_look_at_explosions,general,126,,
doll_house,general,126,,
ellis_(el_cazador_de_la_bruja),character,126,,
evil_food_eater_conchita_(vocaloid),copyright,126,,
female_master_(the_tale_of_food),character,126,,
fighting_vipers_2,copyright,126,,
fujimaru_ritsuka_(male)_(mage&#039;s_association_uniform),character,126,,
gekkou_no_carnevale,copyright,126,,
godzilla_vs._hedorah,copyright,126,,
godzilla_vs._mechagodzilla,copyright,126,,
granit_(digimon),character,126,,
grisaia_phantom_trigger,copyright,126,,
hat_pompom,general,126,,
heart_pirates_jolly_roger,general,126,,
high-speed_train,general,126,,
himekawa_(shashaki),character,126,,
honey_lemon,character,126,,
itadaki!_seieki,copyright,126,,
juliet_persia,character,126,,
katja_(black_survival),character,126,,
kyonyuu_fantasy_2,copyright,126,,
lee_smith,character,126,,
lpg_cylinder,general,126,,
miimu_(kancolle),character,126,,
miriam_(taimanin_asagi),character,126,,
momoneko_haru,general,126,,
olivia_(paper_mario),character,126,,
ore_dake_haireru_kakushi_dungeon,copyright,126,,
panties_under_leotard,general,126,,
paper_(medium),general,126,,
patting_back,general,126,,
phoenix_ikki,character,126,,
pierced_hat,general,126,,
pk_(girls&#039;_frontline),character,126,,
poison_(company),copyright,126,,
popuri,character,126,,
print_background,general,126,,
saeki_ai,character,126,,
saint_charlos,character,126,,
side-tie_one-piece_swimsuit,general,126,,
sienna_(henken),character,126,,
siren_nattara_2_byou_de_ecchi!?,copyright,126,,
soldier_blue,character,126,,
stitched_fingers,general,126,,
tales_of_the_world_radiant_mythology,copyright,126,,
tanning_oil,general,126,,
twenty-fifth_bam,character,126,,
unflinching_walk,general,126,,
uzumiya_aoi,character,126,,
wingman,copyright,126,,
yukimi_koume,character,126,,
alice_(grimms_notes),character,125,,
anastasia_(1997),copyright,125,,
angelina_kudou_shields,character,125,,
arshes_nei,character,125,,
axolotl_girl,general,125,,
bandit,general,125,,
beau_(animal_crossing),character,125,,
bendy,character,125,,
broken_umbrella,general,125,,
bryan_fury,character,125,,
chiyoura_ayame,character,125,,
claire_rieveldt,character,125,,
coelacanth_(kemono_friends),character,125,,
cropped_kimono,general,125,,
d&#039;arce_(fear_&amp;_hunger),character,125,,
darwin_watterson,character,125,,
dmm_games,copyright,125,,
eater_(digimon),character,125,,
elda_ballad,character,125,,
giving_flower,general,125,,
hands_over_head,general,125,,
harpie_girl_(yu-gi-oh!),character,125,,
himeki_luna,character,125,,
historical_revisionist,general,125,,
hortense_(sound_horizon),character,125,,
jyarimon,character,125,,
kagami_kazuya,character,125,,
kodiak_bear_(kemono_friends),character,125,,
kosaka_chihiro,character,125,,
kuraigana_island,general,125,,
kurashima_chiyuri,character,125,,
kurosawa_rei,character,125,,
liz_hohenstein,character,125,,
makimura_miki,character,125,,
mayuzumi_yukie,character,125,,
mother_(the_coffin_of_andy_and_leyley),character,125,,
mysterious_heroine_xx_alter_(fate),character,125,,
nico_robin_(elbaf),character,125,,
nishimura_akane,character,125,,
nm_(nmnmlnln),general,125,,
nosa_kouko,character,125,,
olwen_(fire_emblem),character,125,,
onizaki_kirara_(future),character,125,,
only_pantyhose,general,125,,
plant_print,general,125,,
psychemon,character,125,,
pussy_juice_on_legs,general,125,,
queen&#039;s_gate_spiral_chaos,copyright,125,,
queen_of_hearts_(cosplay),general,125,,
rebecca_welsh,character,125,,
rene_(taimanin_asagi),character,125,,
ribbed_vest,general,125,,
sailor_jacket,general,125,,
sfw_cat_(meme),general,125,,
shinobu_jacobs,character,125,,
shinsou_kenki_arch_saver,copyright,125,,
sloth_(animal),general,125,,
soul_link,copyright,125,,
sumi_(monobeno),character,125,,
tachibana_chiaki_(megami_tensei),character,125,,
takarasagashi_no_natsuyasumi,copyright,125,,
tarzan_(disney_movie),copyright,125,,
tenko_kuugen,character,125,,
warioware:_get_it_together!,copyright,125,,
warumonzaemon,character,125,,
world_of_final_fantasy,copyright,125,,
yamamoto-genryuusai_shigekuni,character,125,,
air-to-surface_missile,general,124,,
ak-12_(lucia)_(girls&#039;_frontline),character,124,,
akatsuki_yureru_koi_akari,copyright,124,,
algomon,character,124,,
ammunition_backpack,general,124,,
aquilamon,character,124,,
arika_(bakunyuu_party),character,124,,
artdink,copyright,124,,
assassin&#039;s_creed_iii,copyright,124,,
bead,general,124,,
blassreiter,copyright,124,,
card_(blue-r),general,124,,
cass_hamada,character,124,,
celia_claire,character,124,,
charmy_pappitson,character,124,,
cheyanne_(girls&#039;_frontline_2),character,124,,
cordelia_(saga),character,124,,
dixie_clemets,character,124,,
elid_(girls&#039;_frontline),character,124,,
emeraria,character,124,,
eternal_melody,copyright,124,,
finish_line,general,124,,
flame_tattoo,general,124,,
fujimaru_ritsuka_(female)_(mage&#039;s_association_uniform),character,124,,
gerd_(one_piece),character,124,,
glove_cuffs,general,124,,
granddracumon,character,124,,
hand_in_bikini,general,124,,
heart_ribbon,general,124,,
hisame_shizumaru,character,124,,
hishidou_aiko,character,124,,
ichikawa_kana,character,124,,
injuu_no_gouhou,copyright,124,,
intestine_clothing,general,124,,
junketsu_no_maria,copyright,124,,
kamikita_keiko,character,124,,
kenzen!_hentai_seikatsu_no_susume,copyright,124,,
kirima_syaro_(cosplay),general,124,,
linked_gag,general,124,,
luthica_preventer,character,124,,
luv_wave,copyright,124,,
marumaru_no_shuyaku_wa_wareware_da!,copyright,124,,
midarezaki_kyouka,character,124,,
mireille_bouquet,character,124,,
mordecai_(fire_emblem),character,124,,
naraku,copyright,124,,
no_areolae,general,124,,
noel_cerquetti,character,124,,
noir_(black_rabbit)_(nikke),character,124,,
onizuka_hime,character,124,,
otoca_d&#039;or,copyright,124,,
persona_3_the_answer,copyright,124,,
phyllis_hagerhelm,character,124,,
pixiv_fantasia_2,copyright,124,,
princess_form_(smile_precure!),character,124,,
psychos_(one-punch_man),character,124,,
relief_(sculpture),general,124,,
reno_(reno_bunnino)_(azur_lane),character,124,,
ryudamon,character,124,,
sakakibara_ayumu,character,124,,
schneizel_el_britannia,character,124,,
shantae_and_the_seven_sirens,copyright,124,,
shinohara_natsuki,character,124,,
shiron_(legendz),character,124,,
short-sleeved_shirt,general,124,,
step-incest,general,124,,
talia_gladys,character,124,,
tamachi_mahiru,character,124,,
towada_hatsuka,character,124,,
toyo_(manyuu_hikenchou),character,124,,
ulalaka,character,124,,
vritramon,character,124,,
women&#039;s_fundoshi,general,124,,
yamazaki_mary,character,124,,
yasuzumi_yoriko,character,124,,
2-ch,general,123,,
agnea_bristarni,character,123,,
aki_no_urara_no_akane-iro_shoutengai,copyright,123,,
aladdin_(sinoalice),character,123,,
almeida_(granblue_fantasy),character,123,,
anal_squirting,general,123,,
andiramon,character,123,,
angel_(fairy_tail),character,123,,
areuwuu,general,123,,
aster_(granblue_fantasy),character,123,,
baby_luigi,character,123,,
bakumon,character,123,,
blacktailmon_uver.,character,123,,
brigitta_(metaphor:_refantazio),character,123,,
bullet_in_mouth,general,123,,
castlevania:_aria_of_sorrow,copyright,123,,
clementine_(the_walking_dead),character,123,,
cove_holden,general,123,,
crackling_energy,general,123,,
cum_in_ear,general,123,,
danball_senki_w,copyright,123,,
darcsen,general,123,,
devil_on_shoulder,general,123,,
din,character,123,,
donna_barows,character,123,,
eugene_chaud_(mega_man),character,123,,
fireman&#039;s_carry,general,123,,
flashlight_beam,general,123,,
flower_button,general,123,,
gotcha!_girl_(pokemon),character,123,,
grafaiai,character,123,,
halter_top_bikini,general,123,,
hand_on_elbow,general,123,,
hidden_blade_(assassin&#039;s_creed),general,123,,
hip_gear,general,123,,
hisuian_goodra,character,123,,
horse_head,general,123,,
izumi_kyouka_(bungou_stray_dogs),character,123,,
kana_(bunny_garden),character,123,,
katsuragi_mai,character,123,,
kirby_&amp;_the_amazing_mirror,copyright,123,,
kiriyama_sakura,character,123,,
kowaku_no_toki,copyright,123,,
leash_between_breasts,general,123,,
love_laika,general,123,,
luka_millfy,character,123,,
m2hb_(girls&#039;_frontline),character,123,,
maehara_nina,character,123,,
makarov_(girls&#039;_frontline),character,123,,
malayan_tapir_(kemono_friends),character,123,,
melona_(queen&#039;s_blade)_(cosplay),general,123,,
mikumo_osamu,character,123,,
mizuha_(toraware_no_kami-sama),general,123,,
musou_orochi_2,copyright,123,,
nico_robin_(punk_hazard),character,123,,
novelty_insertion,general,123,,
official_alternate_hair_ornament,general,123,,
onabuta_ikuko,character,123,,
orange_fire,general,123,,
orochi_leona,character,123,,
pant,general,123,,
play!_play!_play!_san,copyright,123,,
rhys_(fire_emblem),character,123,,
riko_(machikado_mazoku),character,123,,
rin_(muse_dash),character,123,,
sakura_photograph_(idolmaster),copyright,123,,
shen_zechuan,character,123,,
shimiko_(blue_archive)_(cosplay),general,123,,
shiori_(kamioka_shun&#039;ya),character,123,,
stella_no_mahou,copyright,123,,
sunmoon9994,general,123,,
super_gyaos,character,123,,
suzukawa_rei,character,123,,
takie,character,123,,
tasque_manager,character,123,,
time_mage,character,123,,
tipsy,general,123,,
toraware_no_kami-sama_to_tabi_no_shoujo,copyright,123,,
transparent_tank_top,general,123,,
tyrant_t-103,character,123,,
un&#039;you_(kancolle),character,123,,
warriors_orochi_3,copyright,123,,
xiao_bo_kuai_kuai,general,123,,
yachiyo_(apocalypse_hotel),character,123,,
yagyuu_towako,character,123,,
yoshioka_minami,character,123,,
yuna_(kuma_kuma_kuma_bear),character,123,,
adeline_(girls&#039;_frontline),character,122,,
aigan_tenshi_cheery_pink,copyright,122,,
akiyama_toru_(pepper0),character,122,,
aku_no_onna_kanbu:_perigee_new_moon,copyright,122,,
anna_irving,character,122,,
asahina_yurina,character,122,,
black_and_red_and_purple_hair,general,122,,
borg_(alien_nine),character,122,,
burgundy_(pokemon),character,122,,
burst_fire_gun,general,122,,
butt_chug,general,122,,
byakko_no_kogenta,character,122,,
calcifer,character,122,,
cidolfus_telamon,character,122,,
clyster_syringe,general,122,,
cum_on_camera,general,122,,
cum_stain,general,122,,
dachsbun,character,122,,
daibanchou,copyright,122,,
dimonno_vaalmonica,character,122,,
downcast_eyes,general,122,,
eternity_(last_origin),character,122,,
fellatio_lineup,general,122,,
female_prisoner,general,122,,
four_(drag-on_dragoon),character,122,,
frederic_chopin_(classicaloid),character,122,,
fukushima_noa,character,122,,
fur_dress,general,122,,
gundramon,character,122,,
high_school_dxd_cross,copyright,122,,
hugging_with_one_arm,general,122,,
jade_(houseki_no_kuni),character,122,,
juliet_capulet,character,122,,
kotemon,character,122,,
liquid_gold,general,122,,
lisara_restall,character,122,,
melissa_shield,character,122,,
merc_(merc_storia),character,122,,
misery_stentrem,character,122,,
miyoshi_kaya,character,122,,
mof&#039;s_silver_haired_twintailed_girl,character,122,,
nectar,general,122,,
nipple_stimulation_through_clothes,general,122,,
pagumon,character,122,,
rinne_(rinrinne),character,122,,
ryogoku_tsukasa,character,122,,
ryu_(breath_of_fire_ii),character,122,,
sakai_honoka,character,122,,
shenmue_ii,copyright,122,,
shimabara_yuuhi,character,122,,
shin&#039;en-san,character,122,,
shin&#039;en-san_(shin&#039;en),character,122,,
smilodon_(kemono_friends),character,122,,
strikeout_pitch,copyright,122,,
striped_wall,general,122,,
tachibana-san-chi_no_dansei_jijou,copyright,122,,
tachibana_sakuya_(god_eater),character,122,,
tail_removed,general,122,,
takemoto_izumi_(style),general,122,,
tensei_kizoku_kantei_skill_de_nariagaru,copyright,122,,
tied_skirt,general,122,,
tsugubumi-chan_(rountain),character,122,,
tsukiyama_shuu,character,122,,
type_95_(narcissus)_(girls&#039;_frontline),character,122,,
white_sugar,general,122,,
xenophobia_(game),copyright,122,,
zero_two_(darling_in_the_franxx)_(cosplay),general,122,,
zygarde_(50%),character,122,,
37_(down_in_the_grotto)_(reverse:1999),character,121,,
akagi_takenori,character,121,,
alvis_(last_origin),character,121,,
anata_no_osanazuma,copyright,121,,
andre_grandier,character,121,,
aoki_clair,character,121,,
arms_forts,copyright,121,,
cherino_(qipao)_(blue_archive),character,121,,
clan_calatin_uniform_(fate),general,121,,
dandy&#039;s_world,copyright,121,,
daniela_dimitrescu,character,121,,
delilah_(guilty_gear),character,121,,
detached_eyes,general,121,,
detached_sleeves_removed,general,121,,
dic_entertainment,copyright,121,,
discode,copyright,121,,
dokipipo_emotion,copyright,121,,
eishin_flash_(reines_plaetschern)_(umamusume),character,121,,
executioner_(girls&#039;_frontline),character,121,,
fingers_to_cheek,general,121,,
fire_emblem_(tiger_&amp;_bunny),character,121,,
freya_(valkyrie_profile),character,121,,
fujikura_yuu,character,121,,
galaxy_background,general,121,,
giant_pangolin_(kemono_friends),character,121,,
ginny_weasley,character,121,,
grinis_quatre_gricom,character,121,,
gumchi,general,121,,
ha-re_the_sword_mikanko,character,121,,
haibara_yu,character,121,,
hazurewaku_no_joutai_ijou_skill_de_saikyou_ni_natta_ore_ga_subete_wo_juurin_suru_made,copyright,121,,
imaizumin_keita,character,121,,
invisible_girl,general,121,,
isolde_(and_all_that_jazz)_(reverse:1999),character,121,,
kallen_kaslana_(sixth_serenade),character,121,,
kamen_rider_double_(cyclonejoker),character,121,,
kamen_rider_gavv,character,121,,
kirby&#039;s_dream_land_2,copyright,121,,
konohoshi_umika,character,121,,
kuroki_francisca_yuria,character,121,,
lavender_legwear,general,121,,
leib_(housamo),character,121,,
licking_self,general,121,,
liguceun_the_barbarian,character,121,,
lip_gloss,general,121,,
lyn_(glitters_of_hope)_(fire_emblem),character,121,,
m61_vulcan,general,121,,
mad_moxxi,character,121,,
magical_girl_apocalypse,copyright,121,,
megaera_(hades),character,121,,
metalmamemon,character,121,,
miketsukami_soushi,character,121,,
miragegaogamon,character,121,,
miura_haru,character,121,,
monica_raybrandt,character,121,,
mr._silvair,character,121,,
name_day_(reverse:1999),character,121,,
nanasaki_haruka,character,121,,
noss_&amp;_zakuro,copyright,121,,
ookami_kodomo_no_ame_to_yuki,copyright,121,,
pakopako_resort_e_youkoso_~onnanoko_to_yaritai_houdai_h_na_koto_ga_dekiru_yume_no_shima~,copyright,121,,
paw_print_socks,general,121,,
polka_dot_print,general,121,,
princess_kururu,character,121,,
puchi_carat,copyright,121,,
renee_costa,character,121,,
sakaida_natsumi,character,121,,
sarayah,character,121,,
shi_qingxuan,character,121,,
shinjin-chan_(douki-chan),character,121,,
shinozaki_mayumi,character,121,,
smoke_censor,general,121,,
tael,character,121,,
takao_kazunari,character,121,,
tama-jii,general,121,,
tea_kettle,general,121,,
tokisaki_kurumi_(spirit),character,121,,
touchable,copyright,121,,
touya_akira,character,121,,
trixie_lulamoon,character,121,,
tsuchiya_kouta,character,121,,
unown_r,character,121,,
valkyrie_drive_-siren-,copyright,121,,
webbing,general,121,,
yat_sen_(warship_girls_r),character,121,,
yugiri_tsuzuri_(post-graduation_casual),character,121,,
zettai_bouei_leviathan,copyright,121,,
aether_foundation_employee_(male),character,120,,
aikawa_sana,character,120,,
andrew_graves_(the_coffin_of_andy_and_leyley),character,120,,
arisugawa_shii,character,120,,
aulbath,character,120,,
azusagawa_tsukino,character,120,,
birthday_date,general,120,,
bismarck_(beacon_of_the_iron_blood)_(azur_lane),character,120,,
bottle_insertion,general,120,,
card_(ex-red),general,120,,
ch&#039;en_the_holungday_(elite_ii)_(arknights),character,120,,
collared_socks,general,120,,
crests_(fire_emblem),general,120,,
dame_x_prince,copyright,120,,
eye_drops,general,120,,
fukasaku_aoi,character,120,,
gaige,character,120,,
gith_(dungeons_&amp;_dragons),general,120,,
gradient_outline,general,120,,
hand_on_another&#039;s_forehead,general,120,,
heroine_wa_tomodachi_desu_ka?_koibito_desu_ka?_soretomo_tomefure_desu_ka?_second,copyright,120,,
himenokouji_akiko,character,120,,
hinata_hanabi,character,120,,
hiro_(usukawa),character,120,,
hitsugi_sayo,character,120,,
houraisen_runa,character,120,,
ichimonji_norimune,character,120,,
kamikaze_(valentine)_(kancolle),character,120,,
kaoru_enma,character,120,,
kuna_mashiro,character,120,,
kurokw_(style),general,120,,
laojun_(the_legend_of_luo_xiaohei),character,120,,
leprechaun_(last_origin),character,120,,
lifeguard_(lilo_&amp;_stitch),character,120,,
luche,character,120,,
maki_natsuo,character,120,,
maniac_circle_hakusho_~hentai_shukujo-tachi_no_monogatari~,copyright,120,,
marmalade_(company),copyright,120,,
masa_works_design,copyright,120,,
midori_(uchuu_patrol_luluco),character,120,,
nakiri_asahi,character,120,,
neon_scala_sumiriya,character,120,,
nerawareta_megami_tenshi_angeltia,copyright,120,,
ning_hai_(warship_girls_r),character,120,,
nora_to_oujo_to_noraneko_heart_2,copyright,120,,
north_carolina_(the_heart&#039;s_desire)_(azur_lane),character,120,,
okuni_(pokemon),character,120,,
okuni_(sengoku_musou),character,120,,
orca_(kemono_friends),character,120,,
ordinemon,character,120,,
otohime_mutsumi,character,120,,
pina_(guide)_(blue_archive),character,120,,
polygonal_suppressor,general,120,,
possum_girl,general,120,,
print_cloak,general,120,,
rabbit_head,general,120,,
raika_grace,character,120,,
revice_driver,general,120,,
rita_rossweisse_(phantom_iron),character,120,,
robin_hood_(disney_movie),copyright,120,,
sakura_(urusei_yatsura),character,120,,
sanada_minako,character,120,,
scar-h_(girls&#039;_frontline),character,120,,
servant_(fate),general,120,,
seven_(animation_studio),copyright,120,,
shinon_(fire_emblem),character,120,,
shirt_open,general,120,,
star-lord,character,120,,
steelblue_mirage,copyright,120,,
tail_concerto,copyright,120,,
taisen_hot_gimmick,copyright,120,,
the_dragon_prince,copyright,120,,
torment,general,120,,
watase_nozomi,character,120,,
witch&#039;s_island,general,120,,
witch_(left4dead),character,120,,
akabei_soft_2,copyright,119,,
albina_(project_moon),character,119,,
american_flag_background,general,119,,
amos&#039;_bow_(genshin_impact),general,119,,
anachiro_(nikke),character,119,,
anata_no_shiranai_kangofu,copyright,119,,
anya_(anastasia),character,119,,
arc_(arc_the_lad),character,119,,
awatsuki_maaya,character,119,,
blackberry_cookie,character,119,,
bouncing_hair,general,119,,
butterfly_on_arm,general,119,,
chloris_garden,copyright,119,,
colored_fingertips,general,119,,
cuilan,character,119,,
dcinside,general,119,,
elza_(ishuzoku_reviewers),character,119,,
french_nails,general,119,,
futamihara_ririko,character,119,,
ghost_(pokemon_tower),character,119,,
gore_magala,character,119,,
h&amp;k_mark_23,general,119,,
hanairi_kikkou,general,119,,
hazuki_mina_(darker_than_black),character,119,,
hikari_ku,character,119,,
hikari_to_mizu_no_daphne,copyright,119,,
hilda_(stella_glow),character,119,,
ikari_warriors,copyright,119,,
iwai_munehisa,character,119,,
jean_roque_raltique,character,119,,
juliet_capulet_(cosplay),general,119,,
jupiter_(pokemon),character,119,,
jupitermon,character,119,,
kidou_kaede,character,119,,
kirishima_kano,character,119,,
kkyagdoyo164972,general,119,,
kmnz_liz,character,119,,
kurosaki_masaki,character,119,,
layered_ascot,general,119,,
lilim_(megami_tensei),character,119,,
lisa_eostre,character,119,,
lowen_(fire_emblem),character,119,,
major,copyright,119,,
mamono_no_nie_2_~ishu_no_ko_o_haranda_boukensha-tachi~,copyright,119,,
marija_(muse_dash),character,119,,
medium_tank,general,119,,
mixer_(console),general,119,,
mixing_table,general,119,,
motionslit,general,119,,
ms._madd_(mega_man),character,119,,
mukou_aoi_(totono),character,119,,
naihe_(male)_(touqi_guaitan),character,119,,
natsume_(hidamari_sketch),character,119,,
newscaster,general,119,,
ogomi_yatai,copyright,119,,
paint_on_fingers,general,119,,
paulie_(one_piece),character,119,,
playing_chess,general,119,,
prussia_(female)_(hetalia),character,119,,
pucchiemon,character,119,,
pyurachri,character,119,,
rasenmon,character,119,,
revoltech,copyright,119,,
roto&#039;s_emblem,general,119,,
serimiya_youko,character,119,,
setsu_(dream_c_club),character,119,,
shiranui_kaede,character,119,,
shiranui_mai_(casual),general,119,,
shopping_district,general,119,,
sonetto_(emotion_in_tranquility)_(reverse:1999),character,119,,
sonia_(p&amp;d),character,119,,
stitched_wrist,general,119,,
sumi-chan_(sachito),character,119,,
suzumiya_haruhiko_no_yuuutsu,copyright,119,,
tapioca_milk_-_addiction_of_the_shower_room,copyright,119,,
toilet_brush,general,119,,
tokitou_yuichirou,character,119,,
tokiwa_kano,character,119,,
uraraka_ochako_(cosplay),general,119,,
virgo_(fairy_tail),character,119,,
wachi_yuri,character,119,,
women&#039;s_wallet,general,119,,
world&#039;s_end_dancehall_(vocaloid),copyright,119,,
yuzuha_(utawarerumono),character,119,,
anita_(vampire),character,118,,
baked_potato,general,118,,
blanket_grab,general,118,,
break-action_pistol,general,118,,
bulge_peek,general,118,,
byakudan_midori,character,118,,
cale_henituse,character,118,,
chijou_noko,character,118,,
choujuushin_gravion_zwei,copyright,118,,
cigarette_burn,general,118,,
cosmic_baton_girl_comet-san,copyright,118,,
cruise_ship,general,118,,
cyn_(murder_drones),character,118,,
diantha_(granblue_fantasy),character,118,,
digimon_jintrix,copyright,118,,
dokuga,character,118,,
dorothea_arnault_(cosplay),general,118,,
eggma&#039;am,character,118,,
eve_(stellar_blade)_(cosplay),general,118,,
female_fundoshi,general,118,,
fern_(sousou_no_frieren)_(cosplay),general,118,,
filir_(ragnarok_online),character,118,,
five_(drag-on_dragoon),character,118,,
four_eyes,general,118,,
gneisenau_(nightmarish_succubus)_(azur_lane),character,118,,
hamin_(plave),character,118,,
helen_(starlit_waltz)_(girls&#039;_frontline_2),character,118,,
holding_head_wreath,general,118,,
hyuse,character,118,,
i_became_a_god_in_a_horror_game,copyright,118,,
jaws_(movie),copyright,118,,
jet_the_hawk,character,118,,
jin_(blade_&amp;_soul),character,118,,
katen_kyoukotsu,character,118,,
kati_mannequin,character,118,,
kitaooji_karen,character,118,,
kubo_nagisa,character,118,,
light_background,general,118,,
linabell,character,118,,
lisha_lockheart,character,118,,
meisho_doto_(dot-o&#039;-lantern)_(umamusume),character,118,,
merlin_(reverse:1999),character,118,,
miho_(last_origin),character,118,,
mikami_(vitamin_quest),character,118,,
mirai_ticket,copyright,118,,
miyama_yuuna,character,118,,
monster_girl_encyclopedia_world_guide_i:_fallen_maidens,copyright,118,,
moon_necklace,general,118,,
okinawa_habu_(kemono_friends),character,118,,
one-piece_dress,general,118,,
partially_opaque_sunglasses,general,118,,
pazu,character,118,,
pearl_hairband,general,118,,
pillow_princess,general,118,,
prim_fiorire,character,118,,
qinglong_(housamo),character,118,,
rapunzel&#039;s_tangled_adventure,copyright,118,,
rebecca_welsh_(cosplay),general,118,,
sailor_senshi_(cosplay),general,118,,
saimin_class_wonderful,copyright,118,,
sakura_ino,character,118,,
saotome_atena,character,118,,
sasaki,character,118,,
seiros_(fire_emblem),character,118,,
shi_zhaoying,character,118,,
sone_miyuki,character,118,,
torikissa!,copyright,118,,
tsukumo_kazuki,character,118,,
vegimon,character,118,,
vinsmoke_ichiji,character,118,,
yamato_alexander,character,118,,
yomi_(p&amp;d),character,118,,
youkai_hyakki-tan!,copyright,118,,
yumeno_gentaro,character,118,,
yuzaki_tsukasa,character,118,,
zoids_shinseiki/zero,copyright,118,,
akari_(pokemon)_(cosplay),general,117,,
amaenaideyo!!,copyright,117,,
angello_vaalmonica,character,117,,
another_code,copyright,117,,
ayanami_(rock_&#039;n&#039;_demon)_(azur_lane),character,117,,
bakunyuu_maid_gari,copyright,117,,
belfast_(the_noble_attendant)_(azur_lane),character,117,,
boosty_username,general,117,,
caitlin_(fall_2021)_(pokemon),character,117,,
cum_bridge,general,117,,
dieci_(nanoha),character,117,,
ergo_proxy,copyright,117,,
fantasy_life,copyright,117,,
flower-shaped_eyewear,general,117,,
frederica_(sennen_sensou_aigis),character,117,,
gakuen_basara,copyright,117,,
gakuen_no_ikenie_nagusami_mono_to_kashita_kyonyuu_furyou_shoujo_~hakudaku_ni_okasareru_kasshoku_&amp;_daniku_no_kyouen~,copyright,117,,
gasper_vladi,character,117,,
girouette_(mega_man),character,117,,
go_to_kozukuri_2nd_season:_~kondo_wa_umi_de_kozukuri!~,copyright,117,,
gouenji_yuuka,character,117,,
grabbing_own_tail,general,117,,
grace_campbell,character,117,,
haha_sange,copyright,117,,
harumi_ena,character,117,,
hathor_(last_origin),character,117,,
hedorah,character,117,,
himejima_gakuen_shimaikou_ochikobore_no_kyoushitsu,copyright,117,,
holy,general,117,,
izayoi_arisa,character,117,,
katou_mio_(seika_jogakuin_kounin_sao_ojisan),character,117,,
kazamatsuri_matsuri,character,117,,
kikaijima_mogana,character,117,,
kishimoto_maria_mirai,character,117,,
kiss_from_behind,general,117,,
kohinata_iroha_(imouuzai),character,117,,
kokonoi_hajime,character,117,,
kurono_genbu,character,117,,
lin_(hokuto_no_ken),character,117,,
lisbeth,character,117,,
magical_taruruuto-kun,copyright,117,,
mahara_miko,copyright,117,,
mashima_moyu,character,117,,
may_(mahotama),character,117,,
minazuki_kashou,character,117,,
mincy_(omori),character,117,,
mineru_(zelda),character,117,,
mittelt,character,117,,
mixed_wrestling,general,117,,
mutsura_yuuto,character,117,,
nagant_(girls&#039;_frontline_2),character,117,,
natsuyasumi.,copyright,117,,
neil_dylandy,character,117,,
oda_nobunaga_(sengoku_musou),character,117,,
omoi_yo_hitotsu_ni_nare,copyright,117,,
oval_background,general,117,,
oyama_dennou_giken,copyright,117,,
pants_falling,general,117,,
point_ears,general,117,,
pointing_at_mouth,general,117,,
prestige_(av),copyright,117,,
purifier_(azur_lane),character,117,,
qiao_ling,character,117,,
queen_nancy_renoir,character,117,,
rape!_rape!_rape!,copyright,117,,
ripper_(girls&#039;_frontline),character,117,,
ryu_(breath_of_fire_iv),character,117,,
saika_magoichi_(fate),character,117,,
saint_october,copyright,117,,
saliva_puddle,general,117,,
servants_holding_aphrodite&#039;s_breasts_(meme),general,117,,
shibuya_109,general,117,,
shinobi_nightmare,copyright,117,,
siren_(devilman),character,117,,
souen_chiaki,character,117,,
stealth_aircraft,general,117,,
suminoe_takako,character,117,,
takase_rio,character,117,,
thigh_cutting,general,117,,
tomoe_marguerite,character,117,,
uguisu_anko,character,117,,
urayasu_tekkin_kazoku,copyright,117,,
wa2000_(ballroom_interlude)_(girls&#039;_frontline),character,117,,
wado_ichimonji,general,117,,
watashi_to_kareshi_to_aitsu_no_jijou,copyright,117,,
adjusting_hair_ornament,general,116,,
agate_crosner,character,116,,
aku_no_onna_kanbu_fullmoon_night,copyright,116,,
amazake_arika,character,116,,
ambitious_mission,copyright,116,,
anguirus,character,116,,
aquarion_logos,copyright,116,,
arisen_(dragon&#039;s_dogma),character,116,,
arlecchino_(cinder_of_two_worlds&#039;_flames)_(genshin_impact),character,116,,
asya_shubina,character,116,,
bait,general,116,,
baltimore_(muse)_(azur_lane),character,116,,
beat_(mega_man),character,116,,
beatrix_bremer,character,116,,
brick_block,general,116,,
clinic,general,116,,
cookieann,character,116,,
courage_the_cowardly_dog,copyright,116,,
cross_punisher,general,116,,
den&#039;ei_shoujo,copyright,116,,
fei-yen,character,116,,
fenrys,character,116,,
frankenstein&#039;s_monster_(swimsuit_saber)_(second_ascension)_(fate),character,116,,
fukana_miyu_(kokuya28),character,116,,
gal_gun_double_peace,copyright,116,,
glorious_(pungent_plum)_(azur_lane),character,116,,
gouda_toshirou,character,116,,
hands_over_breasts,general,116,,
haruka_(sister_princess),character,116,,
hayami_sena,character,116,,
higashikata_jobin,character,116,,
himenogi_rinze,character,116,,
hoshi_tea_party,general,116,,
illustrious_(muse)_(azur_lane),character,116,,
izumi_wakoto,character,116,,
jaygarcia_saturn,character,116,,
kaguya_jingu,character,116,,
katharine_o&#039;hare,character,116,,
kiryuu_shino,character,116,,
kozeri_ai,character,116,,
kujou_subaru,character,116,,
kuki_rei,character,116,,
little_nightmares_(series),copyright,116,,
macaronijail,general,116,,
maia_(kuroinu),character,116,,
maki-chan_to_now.,copyright,116,,
male_virgin,general,116,,
maltese_tiger_(kemono_friends),character,116,,
marie_(dies_irae),character,116,,
mashin_eiyuuden_wataru,copyright,116,,
max_(ssss.gridman),character,116,,
mercenary,general,116,,
mirumo_de_pon!,copyright,116,,
mola_(fish),general,116,,
"mononokei_kanojo_~inkya_desu_ga,_koishite_yoi_desu_ka?~",copyright,116,,
mystical_elf,character,116,,
mythra_(xenoblade)_(cosplay),general,116,,
negai_wa_itsuka_asa_o_koete_(project_sekai),general,116,,
nirvana_(blazblue),character,116,,
okazaki_kei,character,116,,
onee-san_share_house_ni_hirowareta_boku_no_risouteki_iede_seikatsu,copyright,116,,
parace_l&#039;sia,character,116,,
personal_ami_warcraft,general,116,,
pia_carrot_e_youkoso!!_g.o.,copyright,116,,
polar_bear_(kemono_friends),character,116,,
psylocke_(cosplay),general,116,,
pussy_juice_on_panties,general,116,,
qureate,copyright,116,,
rapidmon_(perfect),character,116,,
red_lining,general,116,,
sasaki_touko,character,116,,
schematic,general,116,,
shima_sousuke,character,116,,
smack,general,116,,
suwa_yorishige,character,116,,
the_disappearance_of_hatsune_miku_(vocaloid),copyright,116,,
tonari_no_kaibutsu-kun,copyright,116,,
turtleneck_capelet,general,116,,
unmanned_combat_aerial_vehicle,general,116,,
valkyrie_drive_-bhikkhuni-,copyright,116,,
victoria_housekeeping_co._(zenless_zone_zero),general,116,,
watashi_ni_konya_ai_ni_kite_2,copyright,116,,
witch_(goblin_slayer!),character,116,,
yog-sothoth,character,116,,
yokota_haruna,character,116,,
young_justice:_invasion,copyright,116,,
yuri_hyuga,character,116,,
1pondo,copyright,115,,
ah-kun,character,115,,
amamiya_satsuki_(mono),character,115,,
anata_to_mita_sakura,copyright,115,,
anbu,general,115,,
arishima_alice,character,115,,
arisugawa_saeko,character,115,,
arthur_morgan,character,115,,
beatless,copyright,115,,
beta_pokemon,general,115,,
birdie_wing:_golf_girls&#039;_story,copyright,115,,
boku_wa_chiisana_succubus_no_shimobe,copyright,115,,
boot_straps,general,115,,
brick_(ppg),character,115,,
campus_mode!!_(idolmaster),copyright,115,,
classy-black-haired_girl_(hayabusa),character,115,,
crayon_drawing,general,115,,
don&#039;t_starve,copyright,115,,
dreaming_freedom,copyright,115,,
ephildis_agraliel,character,115,,
eunha_(closers),character,115,,
eye_(okame_nin),character,115,,
flesh_blood_&amp;_concrete,copyright,115,,
food_atrocities,general,115,,
fuyuno_reiko,character,115,,
ghost_(9-nine-),character,115,,
go_(kancolle),character,115,,
godzilla_final_wars,copyright,115,,
harukawa_tomomi,character,115,,
himegoto-ai,copyright,115,,
holding_sarong,general,115,,
isshoni_h_shiyo,copyright,115,,
jacker,general,115,,
kaga_rin,character,115,,
kobayashi_kenya,character,115,,
komamura_sajin,character,115,,
koseki_bijou_(code:81800),character,115,,
kunisaki_rena,character,115,,
lilim_darkness,copyright,115,,
luminamon_(nene_ver.),character,115,,
majime_masato,character,115,,
mamiya_mifuyu,character,115,,
mariabelle_(chotto_dake_ai_ga_omoi_dark_elf_ga_isekai_kara_oikakete_kita),character,115,,
mariana_princilla,character,115,,
misaki_runo,character,115,,
morisaki_miku,character,115,,
mountain_hare_(kemono_friends),character,115,,
multicolored_suit,general,115,,
nanjou_yumi,character,115,,
ning_rongrong_(douluo_dalu),character,115,,
nomura_tetsuya_(style),general,115,,
nyan_nyan_nyan_fair_in_gamers,general,115,,
ou_kijin,character,115,,
paralyzed,general,115,,
patty_(pso2),character,115,,
pavia_(reverse:1999),character,115,,
penetrator_(aircraft),general,115,,
penis_out_of_frame,general,115,,
print_bikini_top,general,115,,
private_room_2,copyright,115,,
purple_detached_collar,general,115,,
rapidmon_(armor),character,115,,
red_earrings,general,115,,
reiko_nagakazu,character,115,,
riley_andersen,character,115,,
ryuu_ga_gotoku_8,copyright,115,,
sakurazuka_kaoru,character,115,,
shalnark,character,115,,
shinonome_ryouko_(juusan_kihei_bouei_ken),character,115,,
shiny_leotard,general,115,,
shuzen_kokoa,character,115,,
spotted_skunk_(kemono_friends),character,115,,
ten&#039;inkou_korin,character,115,,
the_rolling_girls,copyright,115,,
tiger_(chinese_zodiac),character,115,,
transparent_shrug,general,115,,
tsukuyomi_shinshi_(kemono_friends),character,115,,
watashi_ni_konya_ai_ni_kite,copyright,115,,
wizard_and_black_cat_wiz,copyright,115,,
yahna_(unicorn_overlord),character,115,,
yashiro_miko,character,115,,
youko_(tactics),character,115,,
zenonzard,copyright,115,,
ai-chan&#039;s_sister_(tawawa),character,114,,
akina-chan,character,114,,
alexandrite_(houseki_no_kuni),character,114,,
alraumon,character,114,,
armored_knight_iris,copyright,114,,
arzuros,character,114,,
asagi_marin,character,114,,
assassins_pride,copyright,114,,
ayanami_(niconico)_(azur_lane),character,114,,
beelstarmon_x-antibody,character,114,,
bird_pin,general,114,,
black_boxer_briefs,general,114,,
black_lace_trim,general,114,,
cape_clasp,general,114,,
castlevania:_dawn_of_sorrow,copyright,114,,
charlotte_scherzen,character,114,,
cindala_(granblue_fantasy),character,114,,
corrin_(female)_(adrift)_(fire_emblem),character,114,,
couple&#039;s_shirts,general,114,,
crakul,character,114,,
demon_cleric,character,114,,
dirty_footwear,general,114,,
earth_defense_force,copyright,114,,
ero_manga!_h_mo_manga_mo_step-up,copyright,114,,
ethereal,general,114,,
fate_trigger:_the_novita,copyright,114,,
fennekin_(cosplay),general,114,,
fetus_halo,general,114,,
floating_paper,general,114,,
freddy_(fenrir)_(dislyte),character,114,,
fukita_ibuki,character,114,,
glowing_bodysuit,general,114,,
guildmarm_(monster_hunter),character,114,,
haerin_(newjeans),character,114,,
hare_(honkai_impact),character,114,,
holding_sunscreen,general,114,,
itou_noemi,character,114,,
jerboa_tail,general,114,,
katagiri_nanase,character,114,,
kawai_rika,character,114,,
kimiyoshi_kazuho,character,114,,
koharu_yoshino,character,114,,
koshotengai_no_hashihime,copyright,114,,
kulve_taroth,character,114,,
kumikyoku_mitsunyuu,copyright,114,,
lena_liechtenauer,character,114,,
licking_another&#039;s_hand,general,114,,
lilynette_gingerbuck,character,114,,
limalisha,character,114,,
lobelia_(flower),general,114,,
maliss_&lt;p&gt;_chessy_cat,character,114,,
manah,character,114,,
maranello,character,114,,
mimi_utlove,general,114,,
nipple_plug,general,114,,
noah_(plave),character,114,,
obata_yui,character,114,,
oh_yes!_kasshoku_bitch_hitozuma_no_seiyoku_kaishou:_kondo_wa_umi_de_sex_lesson!?,copyright,114,,
olivia_(fear_&amp;_hunger),character,114,,
ots-14_(sangria_succulent)_(girls&#039;_frontline),character,114,,
oujo_&amp;_onna_kishi_w_dogehin_roshutsu_~chijoku_no_misemono_dorei~,copyright,114,,
oyama_mahiro_(cosplay),general,114,,
panzercrab,general,114,,
popipo_(vocaloid),copyright,114,,
qbz-97,general,114,,
relemon,character,114,,
ribbed_hat,general,114,,
royal_arsenal,character,114,,
sakura_succubus,copyright,114,,
sarashi_(midriff),general,114,,
satono_diamond_(floral_star_prosperous_green)_(umamusume),character,114,,
scarlet_nexus,copyright,114,,
scheherazade_(brown_dust),character,114,,
sheep_print,general,114,,
snezhinka:_sentinel_girls_2,copyright,114,,
snow_flakes,general,114,,
soukou_kijo_iris,copyright,114,,
soviet_pioneer,general,114,,
spiked_necklace,general,114,,
square_soft,copyright,114,,
stuffed_food,general,114,,
tachibana_junnosuke,character,114,,
tenma_yuria,character,114,,
this_communication,copyright,114,,
tokidoki_bosotto_roshia-go_de_dereru_tonari_no_alya-san_puzzle_party!,copyright,114,,
toriko_no_kizuna_~ubawareta_gakuen_ni_hibiku_shojo_no_aegi~,copyright,114,,
touhouvania_1,copyright,114,,
uninterested,general,114,,
violet_hair,general,114,,
water_break,general,114,,
agnes_ardbeg_augustus,character,113,,
ak-47_(girls&#039;_frontline),character,113,,
akiyama_yuto_(pepper0),character,113,,
amano_miu,character,113,,
anastasia_(otome_ga_tsumugu),character,113,,
apt._(rose_&amp;_bruno_mars),copyright,113,,
asami_makiko_(heaven_burns_red),character,113,,
atsuko&#039;s_grin_(meme),general,113,,
aurore_(takatou_sora),character,113,,
azusa_(granblue_fantasy),character,113,,
call_f,character,113,,
canoweissmon,character,113,,
catalyst_(apex_legends),character,113,,
caterpillar_girl,general,113,,
clock_print,general,113,,
combat_medic,general,113,,
crew-served_weapon,general,113,,
cyril_(fire_emblem),character,113,,
demon_maid_(houtengeki),character,113,,
denel_land_systems,copyright,113,,
ebony_&amp;_ivory,general,113,,
eclair_(la_pucelle),character,113,,
exs-tia_avalas,character,113,,
fanservice,general,113,,
formidable_(the_lover&#039;s_heart_flutters_on_duty)_(azur_lane),character,113,,
four_wings,general,113,,
frilled_veil,general,113,,
hag,general,113,,
hariet_(mario),character,113,,
hayashida_kira,character,113,,
helena_(meta)_(azur_lane),character,113,,
henshin_3,copyright,113,,
hiura_shiori,character,113,,
ice_block,character,113,,
inuwaka_nazuna,character,113,,
iron_princess_ymir,character,113,,
is_(kamen_rider_01),character,113,,
jabra_(one_piece),character,113,,
jungle_crow_(kemono_friends),character,113,,
kasugano_tsubaki,character,113,,
kid_flash,character,113,,
knight_princess_annelotte,character,113,,
koi_wa_sekai_seifuku_no_ato_de,copyright,113,,
konohana_kitan,copyright,113,,
luye_(the_legend_of_luoxiaohei),character,113,,
macrophage_(hataraku_saibou),character,113,,
matsuno_chiya,character,113,,
meg_(bakuretsu_tenshi),character,113,,
mikuni_sairi,character,113,,
minasaki_(taimanin_asagi),character,113,,
mink_(dragon_half),character,113,,
mmmmmf_sixsome,general,113,,
monark,copyright,113,,
morino_kirin,character,113,,
nowaki_(halloween)_(kancolle),character,113,,
on_liquid,general,113,,
pandora_party_project,copyright,113,,
penis_on_shoulder,general,113,,
python_(girls&#039;_frontline),character,113,,
queen_sphene,character,113,,
rengoku_senjurou,character,113,,
ruthenium77&#039;s_character,character,113,,
saddlebags,general,113,,
scorpio_milo,character,113,,
serena_(palentine&#039;s_2021)_(pokemon),character,113,,
shiratori_shiori,character,113,,
shitodo_hoojiro,general,113,,
st._louis_(blue_and_white_pottery)_(azur_lane),character,113,,
stadium_lights,general,113,,
succubus_(lord_of_vermilion),character,113,,
symphony_rin,character,113,,
takase_shino,character,113,,
takotakoagare85,general,113,,
tateishi_shima,character,113,,
tiffany_lilith_stella,character,113,,
tokimeki_roadmap_to_future,copyright,113,,
tyrande_whisperwind,character,113,,
weak_male,general,113,,
wedding_suit,general,113,,
white_(kekkai_sensen),character,113,,
wolf&#039;s_gravestone_(genshin_impact),general,113,,
yamaki_mitsuo,character,113,,
your_throne,copyright,113,,
yukishiro_kotori,character,113,,
zton_jingai_animation:_a_beautiful_greed_nulu_nulu,copyright,113,,
aerith_gainsborough_(garnet&#039;s_gown),character,112,,
aikawa_miyuu,character,112,,
akiba&#039;s_trip_the_animation,copyright,112,,
alpha_omega_nova,character,112,,
anchorage_(dolphins_and_swim_lessons)_(azur_lane),character,112,,
ancient_egypt,general,112,,
apron_aside,general,112,,
ariel_(kumo_desu_ga_nani_ka?),character,112,,
arslan,character,112,,
arthropod_tail,general,112,,
arwing,general,112,,
atla_fayon,character,112,,
azure_(alchemy_stars),character,112,,
bare_skin,general,112,,
benjamin_(project_moon),character,112,,
blue_string,general,112,,
broken_fence,general,112,,
chapman&#039;s_zebra_(kemono_friends),character,112,,
cheese_grater,general,112,,
choko_(arc_the_lad),character,112,,
christmas_tree_print,general,112,,
convenient_speech_bubble,general,112,,
cor_leonis,character,112,,
corrin_(female)_(halloween)_(fire_emblem),character,112,,
cum_on_shoulders,general,112,,
dappou_tamer_no_nariagari_boukentan_-_s-rank_bishoujo_boukensha_ga_ore_no_juuma_ni_na!,copyright,112,,
dateless_bar_&quot;old_adam&quot;,copyright,112,,
dokkoida,copyright,112,,
dragon_(monster_girl_encyclopedia),character,112,,
dwarf_(dragon&#039;s_crown),character,112,,
ezomori_nozomu,character,112,,
fish_head,general,112,,
frayed_clothes,general,112,,
frilled_arm_strap,general,112,,
furusawa_asumi,character,112,,
fyodor_dostoyevsky_(bungou_stray_dogs),character,112,,
googling_yourself,general,112,,
harunami_anri,character,112,,
heart_glasses,general,112,,
henry_townshend,character,112,,
hime_to_boin,copyright,112,,
holding_another&#039;s_tongue,general,112,,
hotori_(nte),character,112,,
kart,general,112,,
kemonokko_tsuushin,copyright,112,,
khamsin_nbh&#039;w,character,112,,
kimi_wa_meido-sama,copyright,112,,
kinniku_suguru,character,112,,
kino_makoto&#039;s_school_uniform,general,112,,
knight&#039;s_armament_company,copyright,112,,
kogasa-san&#039;s_father,character,112,,
kosaka_iori,character,112,,
kukuri_(tsugumomo),character,112,,
kurahashi_riko,character,112,,
kurikara_divincarnate,character,112,,
kuzuryuu_yaichi,character,112,,
lee_ji-eun_(bural_chingu),character,112,,
legion_(gamera),character,112,,
lesson_wear_(idolmaster_million_live!),general,112,,
limone_(simoun),character,112,,
little_sister_(navigavi),character,112,,
makihara_kozue,character,112,,
marcoxd,general,112,,
maria_de_angelis,character,112,,
may_lee,character,112,,
mayachon,general,112,,
metako_(slime_shop),general,112,,
mishima_ryuji,character,112,,
mitsumoto_dia,character,112,,
nagino_sakura,character,112,,
nijou_shizue,character,112,,
nikaido_yuzu,character,112,,
ohosi_nagisa,character,112,,
padded_walls,general,112,,
photo_booth,general,112,,
poyoroid,character,112,,
pushing_cart,general,112,,
sakura_miko_(8th_costume),character,112,,
shiun&#039;in_sora,character,112,,
skull_pin,general,112,,
smelly_anus,general,112,,
smpte_color_bars,general,112,,
starlow,character,112,,
sugitani_zenjubou_(fate),character,112,,
suzu_(torikissa!),character,112,,
tennouji_nagisa,character,112,,
tenshi_no_shippo,copyright,112,,
tenshouin_chikage,character,112,,
tentacle_bondage,general,112,,
testicles_deep,general,112,,
travis_touchdown,character,112,,
two-tone_feathers,general,112,,
uzuki_sakura,character,112,,
vanity_searching,general,112,,
venomvamdemon,character,112,,
voyager_(choir_of_the_stars)_(reverse:1999),character,112,,
w.l.o_sekai_ren&#039;ai_kikou,copyright,112,,
wild_leona,character,112,,
yakimochi_stream,copyright,112,,
yakushiji_megumi,character,112,,
yamaguchi_ryoko,character,112,,
yejun_(plave),character,112,,
yoshino_sakura,character,112,,
yuna_(veyonis),character,112,,
yutenji_yayoi,character,112,,
yuuma_(magipoka),character,112,,
zafina,character,112,,
100_kanojo,copyright,111,,
akeuchi_yuu,character,111,,
akiba_hiro,character,111,,
andoris_(girls&#039;_frontline_2),character,111,,
arai_motoha,character,111,,
arms_on_another&#039;s_shoulder,general,111,,
ayukawa_tenri,character,111,,
azov-chan,character,111,,
barn_owl,general,111,,
beast_(disney),character,111,,
ben_grimm,character,111,,
black_gate,copyright,111,,
blue_grass,general,111,,
boogiepop,copyright,111,,
bubble_print,general,111,,
charlotte_(last_origin),character,111,,
children&#039;s_book,general,111,,
colored_anus,general,111,,
cosmo_(sonic),character,111,,
dark_elf_(bikini_warriors),character,111,,
dark_moon_greatsword,general,111,,
double_n/,general,111,,
doubutsu_sentai_zyuohger,copyright,111,,
dungeons_&amp;_dragons:_shadow_over_mystara,copyright,111,,
ear_wings,general,111,,
emily_armond,character,111,,
female_bank_teller_(shin_bible_black),character,111,,
female_esper_zero_(nte),character,111,,
gaia_(another_eidos),character,111,,
gotcha_driver,general,111,,
hairbraid,general,111,,
hammann_(rebellious_summer)_(azur_lane),character,111,,
hikyou_tanken_fam_&amp;_ihrie,copyright,111,,
hiyorimi_hiro,character,111,,
holding_ornament,general,111,,
imminent_cumshot,general,111,,
inage_natsu,character,111,,
inuyose_shinobu,character,111,,
jomy_marquis_shin,character,111,,
kagawa_makina,character,111,,
kamado_kie,character,111,,
kamisama_no_you_na_kimi_e,copyright,111,,
karisawa_erika,character,111,,
kisaragi_tomoe_(seika_jogakuin_kounin_sao_ojisan),character,111,,
kokoshnik,general,111,,
kotetsu_kiyone,character,111,,
lilim_(awoken),character,111,,
loki_(danmachi),character,111,,
magica_wars,copyright,111,,
male_gore,general,111,,
male_protagonist_(digimon_rearise),character,111,,
maria_mikhailovna_kujou,character,111,,
marina_liteyears,character,111,,
microphone_cord,general,111,,
military_program,general,111,,
moe!_ninja_girls_rpg,copyright,111,,
mp-446_viking,general,111,,
nanaco_(meisharan),character,111,,
nanatsu_no_bitoku,copyright,111,,
neptunemon,character,111,,
noda_miki,character,111,,
oribe_shiori,character,111,,
pallas&#039;s_cat_(kemono_friends),character,111,,
parappa,character,111,,
pasocom_paradise,copyright,111,,
peace,general,111,,
phoenix_(kancolle),character,111,,
power_cord,general,111,,
prehistoric,general,111,,
purple_toenails,general,111,,
ratatoskr_(fire_emblem),character,111,,
rotom_(fan),character,111,,
serruria_celestite,character,111,,
setsuna_(inuyasha),character,111,,
shigure_(lawson)_(kancolle),character,111,,
shindou_sugata,character,111,,
shinomiya_kikoru,character,111,,
sonic_rush_adventure,copyright,111,,
souma_ria,character,111,,
stella_(winx_club),character,111,,
stitched_forehead,general,111,,
subsonic_ammunition,general,111,,
they&#039;re_not_panties,general,111,,
tokomon_x-antibody,character,111,,
transparent_scarf,general,111,,
urin_(umi_monogatari),character,111,,
uryuu_sakuno,character,111,,
virgin_roster,copyright,111,,
whitefrost_dragonewt_filene,character,111,,
zeedmillenniumon,character,111,,
akemithekitten,character,110,,
amano_kazumi,character,110,,
ane_koi,copyright,110,,
angelina_(arknights:_endfield),character,110,,
anim_mother_&amp;_wife,copyright,110,,
anji_mito,character,110,,
aoyama_nanami,character,110,,
b&amp;t_mp9,general,110,,
bai_yuxiu,character,110,,
beatrix_amerhauser,character,110,,
black_sister_(next-gen_cradle),general,110,,
blocked_kiss,general,110,,
boku_ni_sexfriend_ga_dekita_riyuu,copyright,110,,
card_(red-r),general,110,,
chichiri_(granblue_fantasy),character,110,,
clock_necklace,general,110,,
dusk_(wayanfa),character,110,,
fuwa_hyouka,character,110,,
gauche_(tales),character,110,,
gessen_academy_school_uniform,general,110,,
giorno_giovanna&#039;s_pose,general,110,,
glowing_chest,general,110,,
groot,character,110,,
hase_chieri,character,110,,
hayama_mizuki,character,110,,
here&#039;s_johnny!,general,110,,
hiiragi_no_horin,character,110,,
hiro_akiba,character,110,,
hitachiin_hikaru,character,110,,
holding_on,general,110,,
hollow,general,110,,
isekai_yaricir:_omae_no_mono_wa_ore_no_mono,copyright,110,,
julietta_juris,character,110,,
kashiwagi_azusa,character,110,,
kirby&#039;s_adventure,copyright,110,,
kirei_ni_shitemoraemasuka,copyright,110,,
koikawa_kouta,character,110,,
kurobe_honoka,character,110,,
lemur_girl,general,110,,
looking_at_bulge,general,110,,
lucy_(ninjala),character,110,,
m16a1_(girls&#039;_frontline)_(boss),character,110,,
magnetism,general,110,,
mahoutsukai_rose_no_sado_life,copyright,110,,
maria_(private_nurse),character,110,,
mayuzumi_yukino,character,110,,
mermaimon,character,110,,
mismatched_underwear,general,110,,
mitico_fleuretty,character,110,,
miyamizu_yotsuha,character,110,,
monitamon,character,110,,
nanahoshi_shizuka,character,110,,
nekoyanagi_kirio,character,110,,
obi_(1hp_club),character,110,,
ochette_(octopath_traveler),character,110,,
otokonoko_club,copyright,110,,
p90_(the_girl_from_b.e.l)_(girls&#039;_frontline),character,110,,
pink_check_school,general,110,,
princess_koyuki_(cocri),character,110,,
punchy_(animal_crossing),character,110,,
quattro_(nanoha),character,110,,
ranpo_kitan,copyright,110,,
refithea_(brown_dust),character,110,,
removing_helmet,general,110,,
resize,general,110,,
risty_(queen\&#039;s_blade),general,110,,
rubbing_nipples,general,110,,
ruru_(phantom_world),character,110,,
saint_seiya:_rising_cosmo,copyright,110,,
school_i,copyright,110,,
sekka_(kageshio),character,110,,
shimazu_toyohisa_(drifters),character,110,,
ship_deck,general,110,,
shiretoko_rin,character,110,,
shoeshoemon,character,110,,
side-tie,general,110,,
single_nipple,general,110,,
slippy_toad,character,110,,
sun_behind_head,general,110,,
suzuya_(kancolle)_(cosplay),general,110,,
tanaka_ryuunosuke,character,110,,
tharja_(&quot;normal_girl&quot;)_(fire_emblem),character,110,,
the_bed,general,110,,
tokumei_sentai_go-busters,copyright,110,,
torghast_3d,general,110,,
tsukishima_azami,character,110,,
ulrich_von_hutten_(mayhem_maid)_(azur_lane),character,110,,
waka_okami_wa_shougakusei!,copyright,110,,
watanare,copyright,110,,
yamano_kodama,character,110,,
yamoto_koki,character,110,,
yomikawa_aiho,character,110,,
yotsuba_(sister_princess),character,110,,
5_jikanme_no_venus,copyright,109,,
abs_cutout,general,109,,
aeri_(closers),character,109,,
anemoi,copyright,109,,
animal_hoodie,general,109,,
artificial_limb,general,109,,
asymmetrical_underboob,general,109,,
atoli,character,109,,
atoli_(.hack//),character,109,,
banchostingmon,character,109,,
batch,character,109,,
boku_no_kanojo_wa_ningyohime!?,copyright,109,,
celecia_(ma_wo_youmu_joou),character,109,,
duskmon,character,109,,
erik_eagle,character,109,,
evangelion:_1.0_you_are_(not)_alone,copyright,109,,
face_squeeze,general,109,,
feri_al-fayed,character,109,,
finizen,character,109,,
fleur_the_animation,copyright,109,,
furioso_(umamusume),character,109,,
futakano,copyright,109,,
genista_(darling_in_the_franxx),character,109,,
glowing_liquid,general,109,,
hime_(himesama_goumon),character,109,,
holding_lid,general,109,,
ignoring,general,109,,
imai_chitose,character,109,,
itunes,copyright,109,,
jiangyu_(girls&#039;_frontline_2),character,109,,
jiggly_girls,copyright,109,,
jinora,character,109,,
julie_heyward,character,109,,
k-on!_high_school,copyright,109,,
kamimura_haruka,character,109,,
kitamura_motoyasu,character,109,,
maddie_fenton,character,109,,
mamiya_hasaki,character,109,,
man_chai_(genshin_impact),character,109,,
maokatsu!_maou_to_yuusha_no_idol_seikatsu,copyright,109,,
mew_pudding,character,109,,
monotaro_(danganronpa),character,109,,
nanami_shiki,character,109,,
neon_(blue_ocean)_(nikke),character,109,,
nightmare_apprentice,character,109,,
okami_ranka,character,109,,
one-up,copyright,109,,
otomore_(shashaki),character,109,,
otonashi_ayana,character,109,,
outer_wilds,copyright,109,,
outstretched_foot,general,109,,
ozu_kanon,character,109,,
people&#039;s_liberation_army_air_force,general,109,,
pokewood,general,109,,
possessive,general,109,,
princess_elise_the_third,character,109,,
ren_(project_moon),character,109,,
reverse_piledriver_(sex),general,109,,
rivalz_cardemonde,character,109,,
rondorine_e._effenberg,character,109,,
royal_starlet_(idolmaster),general,109,,
sakura_strasse,copyright,109,,
sakurada_akane,character,109,,
sakuragi_chisa,character,109,,
sanjinmogufufu,general,109,,
satake_shougo,character,109,,
seishin_seiai_paraphilia,copyright,109,,
sengoku_(one_piece),character,109,,
sherry_leblanc,character,109,,
shimai_tsuma_3,copyright,109,,
shindou_kazuma,character,109,,
skarpworld,copyright,109,,
snow_fox,copyright,109,,
spycam,general,109,,
st._theresa&#039;s_girls_academy_school_uniform,general,109,,
stella_(gnosia),character,109,,
stellar_theater,copyright,109,,
subtitle,general,109,,
takao_yuko,character,109,,
takatoo_nanase,character,109,,
tendou_rushuna,character,109,,
the_art_of_yamashita_shunya,copyright,109,,
title_page,general,109,,
toriumi_arisu,character,109,,
tricked_into_sex,general,109,,
turks,character,109,,
type_4_(girls&#039;_frontline),character,109,,
umegiri_hifumi,character,109,,
unabara_mitsuki,character,109,,
unasaka_miri,character,109,,
white_dougi,general,109,,
yamanashi_hibari,character,109,,
zeena,character,109,,
alice_(bendy_and_the_ink_machine),character,108,,
aniece_(nitrotitan),character,108,,
annelotte_(queen&#039;s_blade),character,108,,
apostle_(game),copyright,108,,
arboliva,character,108,,
avgust_(reverse:1999),character,108,,
blanc_(white_rabbit)_(nikke),character,108,,
bosako_(haguhagu),character,108,,
buddhist,general,108,,
cahara_(fear_&amp;_hunger),character,108,,
card_(ex-orange),general,108,,
cecilia_cello,character,108,,
cencoroll,copyright,108,,
chick_print,general,108,,
china_(female)_(hetalia),character,108,,
clutching_clothes,general,108,,
drawn_eyes,general,108,,
dreizehn_(shadowverse),character,108,,
dress_slip,general,108,,
eiyuu_senki_ww,copyright,108,,
ero_ishi:_seijun_bishoujo_o_kotoba_takumi_ni_hametai_houdai,copyright,108,,
f-22,character,108,,
faewish_sprite,general,108,,
feng_xin,character,108,,
foot_on_desk,general,108,,
fox_child_(doitsuken),character,108,,
fumika,character,108,,
fur-trimmed_wrist_cuffs,general,108,,
fur_thighhighs,general,108,,
g-queen.com,copyright,108,,
gas_pump_nozzle,general,108,,
gensokyo&#039;s_first_hakurei_miko,character,108,,
goddess_guards,general,108,,
guitar_little_sister_(hitomi_o),character,108,,
hair_around_horn,general,108,,
hairy_stomach,general,108,,
haruka_(tactics),character,108,,
hikaru_(hikaru_ga_shinda_natsu),character,108,,
ikusa_otome_valkyrie,copyright,108,,
inflatable_butt_plug,general,108,,
inma_kourin_devil_carnival,copyright,108,,
ishikawa_luna,character,108,,
johnston_(kancolle)_(cosplay),general,108,,
kageyama_hikaru,character,108,,
kitazawa_rumi,character,108,,
knight_of_despair,character,108,,
koi_wa_ameagari_no_you_ni,copyright,108,,
komeiji_koishi&#039;s_heart_throbbing_adventure,copyright,108,,
kyouiku_shidou,copyright,108,,
lance_crown,character,108,,
leopard_(kemono_friends),character,108,,
loli_ruri,character,108,,
lucrecia_crescent,character,108,,
lyon_(suikoden),character,108,,
march_hare_(wonderland),character,108,,
massage_bed,general,108,,
matsumoto_kouko,character,108,,
matsumoto_sayuki,character,108,,
mayling_shen_(girls&#039;_frontline_2),character,108,,
melting_eyes,general,108,,
midgar,copyright,108,,
milking_breasts,general,108,,
mio_(tsuki_ga_michibiku_isekai_douchuu),character,108,,
mizugi_kanojo,copyright,108,,
molly_(omori),character,108,,
monimon,character,108,,
moonlight_cookie,character,108,,
most_body,general,108,,
negiwolf,character,108,,
nemurin,character,108,,
nika_(flesh_blood_&amp;_concrete),character,108,,
noel_(mermaid_melody_pichi_pichi_pitch),character,108,,
noel_kreiss,character,108,,
oikawa_madoka,character,108,,
paw_socks,general,108,,
petimeramon,character,108,,
pursena_adoldia,character,108,,
queen_anne&#039;s_revenge_(azur_lane),character,108,,
ribbed_skirt,general,108,,
sacred,general,108,,
sakurai_mikage,character,108,,
sasaki_ryo,character,108,,
shen_bing_xiao_jiang,copyright,108,,
shirayuki_(sister_princess),character,108,,
spitting_cum,general,108,,
spoken_thumbs_up,general,108,,
spoolie_brush,general,108,,
thonk_(fir3born),character,108,,
three_(drag-on_dragoon),character,108,,
toono_homare,character,108,,
tsui_no_sora_(remake),copyright,108,,
uno_(nanoha),character,108,,
youtian_(youtiange),character,108,,
yozakura_tama,character,108,,
110_sanfujinka_shikeishuu_byouin_jack,copyright,107,,
akogare_no_onna_joushi_ga_shinya_no_office_de_onatteru_tokoro_o_mite_kara_hajimaru_himitsu_no_kankei.,copyright,107,,
alfin_reise_arnor,character,107,,
angell_(path_to_nowhere),character,107,,
asaoka_natsumi,character,107,,
atre_(jashin-chan_dropkick),character,107,,
baldr_sky,copyright,107,,
beretta,copyright,107,,
biting_another&#039;s_lip,general,107,,
black-tailed_gull_(kemono_friends),character,107,,
blood_from_neck,general,107,,
clarisse_(fire_emblem),character,107,,
diablo,copyright,107,,
digimon_world_2,copyright,107,,
dorimon,character,107,,
eastern,general,107,,
einar_(personal_ami),character,107,,
ekokuice,copyright,107,,
elijah_baley,character,107,,
energy_fist,general,107,,
eudie_(shadowverse),character,107,,
face_veil,general,107,,
falcon_armor_x_(mega_man),character,107,,
fatalis,character,107,,
fighter,character,107,,
foaming_waves,general,107,,
fragments_of_the_idolmaster_cinderella_girls,general,107,,
fuurinji_miu,character,107,,
ghost_girl_(yu-gi-oh!_vrains),character,107,,
ghost_ogre_&amp;_snow_rabbit,character,107,,
google_maps,general,107,,
green_leaf,general,107,,
grottemon,character,107,,
hair_tie_on_wrist,general,107,,
hana_n._fountainstand,character,107,,
happy_meal,general,107,,
harem_(male),general,107,,
helm_(chandelier)_(nikke),character,107,,
hidaka_subaru,character,107,,
higurashi_towa,character,107,,
hina_soft,copyright,107,,
hitachiin_kaoru,character,107,,
holding_cloak,general,107,,
holy_roman_empire_(hetalia),character,107,,
honjo_mikaze,character,107,,
i-402_(aoki_hagane_no_arpeggio),character,107,,
idolmaster_stella_stage,copyright,107,,
imouto_bitch_ni_shiboraretai,copyright,107,,
ink_stain,general,107,,
irie_kyousuke,character,107,,
janemba,character,107,,
japanese_black_bear_(kemono_friends),character,107,,
judge_(girls&#039;_frontline),character,107,,
kashino_(maid_for_mayhem)_(azur_lane),character,107,,
kisaki_eri,character,107,,
kite_flying,general,107,,
kurayama_aya,character,107,,
kurumi_(koutetsu_tenshi_kurumi),character,107,,
labia_rings,general,107,,
lamortmon,character,107,,
leviathan_(the_seven_deadly_sins),character,107,,
licking_own_nipple,general,107,,
lord_of_vermilion_iii,copyright,107,,
lucifel_(el_shaddai),character,107,,
luna_noah,character,107,,
machine_maiden,copyright,107,,
magia_baiser_(cosplay),general,107,,
mario_&amp;_sonic_at_the_london_2012_olympic_games,copyright,107,,
mario_&amp;_sonic_at_the_rio_2016_olympic_games,copyright,107,,
mc_liz,character,107,,
medusa_(omori),character,107,,
mega_swampert,character,107,,
mesu_ochi!_ore_no_netoribou_de_midara_ni_aegu_senpai_&amp;_kouhai_zuma_2,copyright,107,,
mike_zakarius,character,107,,
misaka_imouto_10032&#039;s_cat,character,107,,
miyama_kei,character,107,,
mochigumo,general,107,,
nanase_(arika),character,107,,
nee_summer!,copyright,107,,
noa_(granblue_fantasy),character,107,,
off-shoulder_blouse,general,107,,
oval,general,107,,
oversized_fork,general,107,,
own_fingers_together,general,107,,
plutomon,character,107,,
pocahontas_(disney),character,107,,
rio_(g_(genesis1556)),character,107,,
roy_(trickstaboy),character,107,,
ryuudouji_shimon_no_inbou,copyright,107,,
sarya_(granblue_fantasy),character,107,,
satomori_no_miko_daisshou_sanjo_sakura_hen,copyright,107,,
sekiya_naru,character,107,,
sex_life,copyright,107,,
sexual_objectification,general,107,,
shikkoku_no_shaga,copyright,107,,
shinoda_arisa,character,107,,
shot,general,107,,
sign_holding,general,107,,
sir_pentious,character,107,,
sonoda_shiho,character,107,,
sovetskaya_rossiya_(the_lackadaisical_lookout)_(azur_lane),character,107,,
standing_on_branch,general,107,,
star-shaped_bikini,general,107,,
the_poolrooms,copyright,107,,
tryset,copyright,107,,
tsukumo_kana,character,107,,
tsutsukakushi_tsukushi,character,107,,
two_(drag-on_dragoon),character,107,,
ultraman_(hero&#039;s_comics),copyright,107,,
usami_nanako,character,107,,
uvogin,character,107,,
vampire_cookie,character,107,,
vocaloid2,copyright,107,,
whamon,character,107,,
white_lotus,general,107,,
yagami_reina,character,107,,
yaku,character,107,,
yoshida_seiko,character,107,,
yuuri_(yu-gi-oh!),character,107,,
zoewillowz,general,107,,
ak-15_(erwin)_(girls&#039;_frontline),character,106,,
akb-017,copyright,106,,
alice_(as109),character,106,,
amanai_riko,character,106,,
aotsuki_ushio,character,106,,
armor-piercing_ammunition,general,106,,
averythemayo,general,106,,
bad_animation,general,106,,
blue_oak_(pokemon_frlg),character,106,,
boyfriend&#039;s_shirt,general,106,,
cadpat,general,106,,
celia_ootsuka,character,106,,
chrome_(dr._stone),character,106,,
clover_background,general,106,,
covering_another&#039;s_breasts,general,106,,
cygnet_(retrofit)_(azur_lane),character,106,,
dandy_(av),copyright,106,,
deku_scrub,character,106,,
detailed_breasts,general,106,,
detailed_buttocks,general,106,,
energy_being,general,106,,
eroge_honpo,copyright,106,,
eye_brooch,general,106,,
eyepatch_pull,general,106,,
fat_ugly_man,general,106,,
fighter_(dragon&#039;s_crown),character,106,,
four-leaf_clover_necklace,general,106,,
fu-chan,character,106,,
fullbottle,general,106,,
goshuushou-sama_ninomiya-kun,copyright,106,,
hades_(disney),character,106,,
hanagata_kaede,character,106,,
hime_jiru,copyright,106,,
himuro_hitoshi,character,106,,
hitozuma_swimming_club,copyright,106,,
holding_figure,general,106,,
holon,character,106,,
ichijou_haruhiko,character,106,,
ichijou_raku,character,106,,
intruder_(girls&#039;_frontline),character,106,,
island_(game),copyright,106,,
jk_to_inkou_kyoushi_4,copyright,106,,
jumpsuit_pull,general,106,,
kobayashi_luca,character,106,,
kon_(tokyo_ravens),character,106,,
kotobuki_hisako,character,106,,
koubuin_yuuhi,character,106,,
layered_capelet,general,106,,
libeccio_(halloween)_(kancolle),character,106,,
lining,general,106,,
m_bison_(cosplay),general,106,,
ma-ko_hunter,copyright,106,,
makihara_kozue_(cosplay),general,106,,
mammon_(reborn),character,106,,
mare_(ac8231),character,106,,
marl_(shironeko_project),character,106,,
mg_34,general,106,,
michiko_to_hacchin,copyright,106,,
mirror&#039;s_edge,copyright,106,,
nier_(brother)_(pre_timeskip),character,106,,
niigaki_hina,character,106,,
nijouin_hazuki,character,106,,
one-armed_hug,general,106,,
oomaeda_marechiyo,character,106,,
pokemon_performer,general,106,,
rapeseed_blossoms,general,106,,
religious_eroticism,general,106,,
robo-ky,character,106,,
robopon,copyright,106,,
sanger_zonvolt,character,106,,
sapphire_rhodonite,character,106,,
sei_(bakuretsu_tenshi),character,106,,
serene,character,106,,
serenu_ray_archsend,character,106,,
seventeen_(group),general,106,,
shao_siming_(qin_shi_ming_yue),character,106,,
shihai_no_kyoudan,copyright,106,,
shin_sangoku_musou_6,copyright,106,,
shinba_kousuke,character,106,,
shinjo_michi,character,106,,
shinomiya_ayase,character,106,,
shirikon_magic_umareru_mae_kara_anata_senyou,copyright,106,,
sitting_on_leg,general,106,,
sonetto_(parade_anthem)_(reverse:1999),character,106,,
special_civil_servant,copyright,106,,
spiritual,general,106,,
succubus_(monster_girl_encyclopedia),character,106,,
suminoya_kureha,character,106,,
suzuya_moe,character,106,,
takeuchi_narumi,character,106,,
tamato_berry,general,106,,
tanaka_keiko_(amagami),character,106,,
tendou_karen,character,106,,
the_grudge,copyright,106,,
tokimeki_memorial_girl&#039;s_side_2nd_kiss,copyright,106,,
toudou_jinpachi,character,106,,
tsukimori_madoka,character,106,,
water_on_fourth_wall,general,106,,
wendy_crawford,character,106,,
wet_underwear_(male),general,106,,
xes_fantasia,copyright,106,,
yoru_(one_piece),general,106,,
yotsuba_no_senki_clover_rose,copyright,106,,
zidane_tribal_(cosplay),general,106,,
zigong_(project_moon),character,106,,
zuikaku_(valentine)_(kancolle),character,106,,
aida_riko,character,105,,
akagi_anna,character,105,,
akagi_kazuaki,character,105,,
amano_mishio,character,105,,
amethyst_(houseki_no_kuni),character,105,,
amira_(shingeki_no_bahamut),character,105,,
an-94_(antje)_(girls&#039;_frontline),character,105,,
anti-tank_guided_missile,general,105,,
arm_around_another,general,105,,
artier&#039;s_character,character,105,,
atlanta_(christmas)_(kancolle),character,105,,
avalokitesvara,general,105,,
bare_body,general,105,,
beast_pirates,general,105,,
beluga_whale,general,105,,
black_changpao,general,105,,
black_chaps,general,105,,
butterfly_in_eye,general,105,,
checkered_print,general,105,,
cohagen_nanaho,character,105,,
colored_lights,general,105,,
comic_tenma,copyright,105,,
crab_print,general,105,,
cradling,general,105,,
cuckoo_clock,general,105,,
cyclizar,character,105,,
delphinium_(darling_in_the_franxx),character,105,,
deruha_(this_communication),character,105,,
detail,general,105,,
detailed_nipples,general,105,,
detailed_yoni,general,105,,
devotional,general,105,,
dog_pussy,general,105,,
enema_ejection,general,105,,
erd_gin,character,105,,
failure_frame:_i_became_the_strongest_and_annihilated_everything_with_low-level_spells,copyright,105,,
fake_trading_card,general,105,,
fat_cat_(ff14),character,105,,
ferris_eris,character,105,,
fitness_boxing,copyright,105,,
full_buttocks,general,105,,
full_nudity,general,105,,
game_center_shoujo_to_ibunka_kouryuu,copyright,105,,
general_liu_(girls&#039;_frontline),character,105,,
gin&#039;iro_haruka,copyright,105,,
hand_maid_may,copyright,105,,
harudera_yuria,character,105,,
higashide_kei,character,105,,
huge_hair_bun,general,105,,
hunter_(girls&#039;_frontline),character,105,,
hyuuga_hinata_(cosplay),general,105,,
i_don&#039;t_want_to_be_a_magical_girl,copyright,105,,
jewelpet_magical_change,copyright,105,,
jinmen-gyo_(kemono_friends),character,105,,
junah_(metaphor:_refantazio),character,105,,
juris_elmar,character,105,,
kakinozaka_ayana,character,105,,
kannagi_noel,character,105,,
kenja_no_okuri_imouto,copyright,105,,
knight&#039;s_&amp;_magic,copyright,105,,
koyashiki_yura,character,105,,
leaf_pile,general,105,,
long_veil,general,105,,
lucy_(closers),character,105,,
male_master_(the_tale_of_food),character,105,,
masturbation_from_behind,general,105,,
meigo_arisa,character,105,,
miki_(mahotama),character,105,,
minagi_(utawarerumono),character,105,,
minami_touma,character,105,,
miranda_lotto,character,105,,
mitama_~shinobi~,copyright,105,,
morridow_(girls&#039;_frontline),character,105,,
mosquito_musume,character,105,,
myuria_tionysus,character,105,,
nami&#039;s_fangirl,character,105,,
nanami_(doa),character,105,,
nanase_ririko,character,105,,
ok_k.o.!_let&#039;s_be_heroes,copyright,105,,
open_wetsuit,general,105,,
osawari_tantei,copyright,105,,
out_of_frame_male,general,105,,
pantaloons,general,105,,
petra_itta,character,105,,
princess_of_hearts,character,105,,
princess_sapphire,character,105,,
profile_page,general,105,,
qi_sili,character,105,,
quan_yin,general,105,,
red_eyes_black_dragon,character,105,,
rokudou_rinne,character,105,,
saeko-chan_(marup),character,105,,
sash_bow,general,105,,
saw_(movie),copyright,105,,
sazanami_(christmas)_(kancolle),character,105,,
shay_obsidian,character,105,,
shinonome_ryo,character,105,,
shiranui_(autumn)_(kancolle),character,105,,
shirazumi_lio,character,105,,
skeleton_costume,general,105,,
sl8_(girls&#039;_frontline),character,105,,
soma_schicksal,character,105,,
spiritualism,general,105,,
spore_(ragnarok_online),character,105,,
springfield_(queen_in_radiance)_(girls&#039;_frontline),character,105,,
sten_mkii_(girls&#039;_frontline),character,105,,
sthesia_awar,character,105,,
strategic_bomber,general,105,,
suomi-sensei,character,105,,
sword_to_throat,general,105,,
tactimon,character,105,,
tama_(aquarion),character,105,,
teitan_high_school_uniform,general,105,,
tenjo_kaito,character,105,,
tentacle_restraint,general,105,,
thea_(spy_kyoushitsu),character,105,,
toorooo,general,105,,
torn_bandages,general,105,,
toujou_mahiro,character,105,,
tsukumo_matoi_(null),character,105,,
tsuma_to_mama_to_boin,copyright,105,,
vermirel,general,105,,
water_cooler,general,105,,
wet_kimono,general,105,,
white_haired_girl_(chainsaw_man),character,105,,
windows_xp_background,general,105,,
yaotome_tsuyako_(yunamaro),character,105,,
zima_(reverse:1999),character,105,,
alicia_(queen&#039;s_blade),character,104,,
angel_feather_alma,character,104,,
anoko_(chiikawa),character,104,,
atelier_sakura,copyright,104,,
banchomamemon,character,104,,
bat_symbol,general,104,,
behind_cover,general,104,,
belted_jacket,general,104,,
black_orchid,character,104,,
butterfly_on_hair,general,104,,
button_hair_ornament,general,104,,
champuru,character,104,,
clown_makeup,general,104,,
cracked_face,general,104,,
cross-laced_armwear,general,104,,
demon_king_(in),character,104,,
deutschland_(service_time?!)_(azur_lane),character,104,,
dr.latency&#039;s_freak_report,copyright,104,,
du_ruo_(path_to_nowhere),character,104,,
ellen_joe_(cosplay),general,104,,
elora_(spyro),character,104,,
eye-shaped_gem,general,104,,
feng_ling_yu_xiu,copyright,104,,
fideo_aldena,character,104,,
fishnet_swimsuit,general,104,,
gaz_membrane,character,104,,
ghostblade_(to_be_hero_x),character,104,,
ginkaku_(kemono_friends),character,104,,
gotou_jun,character,104,,
green_shell_(mario),general,104,,
halo_ornament,general,104,,
hanging_from_tree,general,104,,
hara_mikie,character,104,,
hayami_tsurumasa,character,104,,
hayato_suou,character,104,,
himegami_emaki,copyright,104,,
hira_hikari,character,104,,
hoshizaki_hokuto,character,104,,
i&#039;m_this_clingy_(meme),general,104,,
ikki_(the_legend_of_korra),character,104,,
ikkitousen_extra_burst,copyright,104,,
infermon,character,104,,
inha,character,104,,
isokaze_(saury_festival)_(kancolle),character,104,,
isone_kotoha,character,104,,
justina_follower_(blue_archive)_(cosplay),general,104,,
kalawarner,character,104,,
"kanochi_x_motoyan_zuma:_gomennasai._watashi,_mukatsuku_kouhai_ni_niku_onaho_ni_sarechatta_no",copyright,104,,
kitsunetenma,general,104,,
kodai_ryuuta,character,104,,
laxia_von_roswell,character,104,,
leni_(black_survival),character,104,,
magician&#039;s_academy,copyright,104,,
marl_barrock,character,104,,
mink_tribe,general,104,,
my_sunshine,character,104,,
neviril_(simoun),character,104,,
nii_yugito,character,104,,
ninomae_ina&#039;nis_(party_dress),character,104,,
off-shoulder_capelet,general,104,,
one_room_hiatari_futsuu_tenshi-tsuki,copyright,104,,
ousaka_hikari,character,104,,
paizuri_fiancee,copyright,104,,
peeing_underwater,general,104,,
qingming_sword,general,104,,
rougamine_ooko,character,104,,
saginuma_osamu,character,104,,
servant,character,104,,
shiino_kirari,character,104,,
soppo_(girls&#039;_frontline_2),character,104,,
sorayama_natsume,character,104,,
soul_cradle,copyright,104,,
spitting_in_another&#039;s_mouth,general,104,,
stalker,character,104,,
tasokare_hotel,copyright,104,,
teruhashi_kokomi,character,104,,
too_many_drills,general,104,,
touching_another&#039;s_crotch,general,104,,
uehara_miyako,character,104,,
unown_l,character,104,,
utsugi_mikoto,character,104,,
yoshinori_nagira,character,104,,
zebia_(kyonyuu_fantasy),character,104,,
abbadomon_core,character,103,,
akai_maho,character,103,,
amamiya_tsubaki,character,103,,
amaterasu_(himegami_emaki),character,103,,
angel&#039;s_trumpet_(flower),general,103,,
aqua_toenails,general,103,,
astrarunia,general,103,,
bad_hand,general,103,,
ballroom_e_youkoso,copyright,103,,
bands,general,103,,
blue_oak_(pokemon_rgby),character,103,,
blue_upholstery,general,103,,
bongy_(project_moon),character,103,,
boshi_soukan_game_~haha_wo_haramaseru_made_tanetsuke_suru_onsen_ryokan~,copyright,103,,
burn-up_excess,copyright,103,,
butch_(ppg),character,103,,
caam_serenity_of_gusto,character,103,,
cat_necklace,general,103,,
chip_(disney),character,103,,
claire_d&#039;lune,character,103,,
code_of_princess,copyright,103,,
courtyard,general,103,,
covering_another&#039;s_crotch,general,103,,
crescent_(azur_lane),character,103,,
daikou_wakako,character,103,,
dears,copyright,103,,
denki-gai_no_hon&#039;ya-san,copyright,103,,
digimental,general,103,,
dimaria_yesta,character,103,,
dita_iliner,character,103,,
drawing_glove,general,103,,
endou_yuuji,character,103,,
extreme_hearts,copyright,103,,
eyes_visible_through_headwear,general,103,,
finnel_(ar_tonelico),character,103,,
foot_on_another&#039;s_back,general,103,,
fudo_ayame,character,103,,
fur_vest,general,103,,
futapara,copyright,103,,
fuyukawa_kagari,character,103,,
gazlene_membrane,character,103,,
gekijouban_date_a_live:_mayuri_judgement,copyright,103,,
genjou_sanzou,character,103,,
godzilla_vs._megalon_(1973),copyright,103,,
gold_eyeshadow,general,103,,
good_morning_my_brother_(meme),general,103,,
hand_wings,general,103,,
hanging_on_arm,general,103,,
heart_emoji,general,103,,
hijikata_toshizou_(drifters),character,103,,
himari_(winter)_(blue_archive),character,103,,
holding_board,general,103,,
ichinomiya_kantarou,character,103,,
inhabituels,copyright,103,,
isekai_nonbiri_nouka,copyright,103,,
jugram_haschwalth,character,103,,
kinme_wakana,character,103,,
knightmon,character,103,,
komatsu_nana,character,103,,
koumi-jima:_shuu_7_de_umeru_mesu-tachi,copyright,103,,
kousaka_alice,character,103,,
kowareru_kokoro,copyright,103,,
la_corda_d&#039;oro,copyright,103,,
leah_dizon,character,103,,
lize_helesta_(maid),character,103,,
lutecia,character,103,,
makino_ayako,character,103,,
male_peeing_on_female,general,103,,
maliss_&lt;p&gt;_dormouse,character,103,,
margit_eberbach,character,103,,
marina_(omori),character,103,,
markkrpg,general,103,,
match_grade_firearm,general,103,,
matsuri_(hidamari_sketch),character,103,,
mega_man_x5,copyright,103,,
mimi_(pop&#039;n_music),character,103,,
mitsuki_otona,character,103,,
monophanie,character,103,,
mummy_(cosplay),general,103,,
murai_rinko,character,103,,
mustang_(guitar),general,103,,
nagant_revolver_(mod3)_(girls&#039;_frontline),character,103,,
namaiki_~kissuisou_e_youkoso!~,copyright,103,,
natsuki_kasugai,character,103,,
o&#039;neill_cylinder,general,103,,
oikawa_urada,character,103,,
one_piece_heart_of_gold,copyright,103,,
ootomo_sayuri,character,103,,
ootori_kokona,character,103,,
ostrich_(kemono_friends),character,103,,
owen_dreadnought,character,103,,
pepper_(ocean_vitamin)_(nikke),character,103,,
primiera_(saga),character,103,,
prism_saber_est,character,103,,
purirun_(civilian)_(precure),character,103,,
rage_of_the_dragons,copyright,103,,
rin_x_sen,copyright,103,,
saimin_eyedrops,copyright,103,,
sand_on_skin,general,103,,
sea_demon,general,103,,
seikatsu_shuukan,copyright,103,,
sekine_moeko,character,103,,
seras_yanagida_lilienfeld,character,103,,
shigure_kasumi,character,103,,
shiomiya_kanami,character,103,,
shoko_(gakuen_no_ikenie),character,103,,
shoko_(super_real_mahjong),character,103,,
single_mechanical_glove,general,103,,
sophie_(taimanin),character,103,,
square_tattoo,general,103,,
stilts,general,103,,
strarf,character,103,,
susamaru_(kimetsu_no_yaiba),character,103,,
suzui_shiho,character,103,,
sylvia_le_cruzcrown_sortilege_sisua,character,103,,
tadasugawa_rei,character,103,,
takasuga_tsukushi,character,103,,
the_legend_of_vox_machina,copyright,103,,
timmy_(animal_crossing),character,103,,
touma_kojiro_no_tantei_file,copyright,103,,
twin_blades,general,103,,
vritika_balakrishnan,character,103,,
vulcanusmon,character,103,,
vvvtune,copyright,103,,
white_tongue,general,103,,
yosafire_(funamusea),character,103,,
zenno_rob_roy_(heroic_author)_(umamusume),character,103,,
zoids_wild,copyright,103,,
anko_(food),general,102,,
aoki_sei,character,102,,
arnas_(yoru_no_nai_kuni),character,102,,
asagi_(bombergirl),character,102,,
asuma_mitsuya_(yunamaro),character,102,,
background_request,general,102,,
beargguy_iii,character,102,,
bible_black_black_sacrifice,general,102,,
bikkuriman_(style),general,102,,
black_pearl_cookie,character,102,,
breast_shadow,general,102,,
cat_ear_helmet,general,102,,
crash_man,character,102,,
dark_schneider,character,102,,
dragon_on_shoulder,general,102,,
drow_ranger_(dota),character,102,,
elegg_(nikke)_(cosplay),general,102,,
elfman_strauss,character,102,,
enoch,character,102,,
fio_(nier),character,102,,
fish_bone_print,general,102,,
fumika_reisenbach,character,102,,
gnbrhkr,general,102,,
h&amp;k_g36c,general,102,,
harpie_queen,character,102,,
hatsuzuki_kai_ni_(kancolle),character,102,,
hazuki_shizuku,character,102,,
head_pinned_down,general,102,,
heart_ring_strap,general,102,,
holding_waist,general,102,,
honma_misuzu,character,102,,
human_cattle,general,102,,
hutaba_aoi,character,102,,
imouto_paradise!_3,copyright,102,,
infinity_train,copyright,102,,
izuno_shiun_(jissai_no_tokoro),character,102,,
japanese_pancake_devilfish_(kemono_friends),character,102,,
juice_carton,general,102,,
kaga_kouko,character,102,,
kanbayashi_shiori,character,102,,
kanojo_(private_room_2),character,102,,
kawabuchi_kazumi,character,102,,
kayari_(yuuwaku_namaiki_lolita),character,102,,
kimi_no_iru_machi,copyright,102,,
kinbaku_choukyou_fujo_kankin_shisetsu,copyright,102,,
kirby&#039;s_dream_buffet,copyright,102,,
kuonji_shinra,character,102,,
kureha_misaki,character,102,,
kurose_mari,character,102,,
l.a.r._manufacturing,copyright,102,,
lawn,general,102,,
luna_(fizintine),character,102,,
mandator_(ziga),character,102,,
melan_blue,character,102,,
mermaid_transformation,general,102,,
mikage_mika,character,102,,
mike_morton,character,102,,
milking_tentacles,general,102,,
monarch_(black_gerard)_(azur_lane),character,102,,
mutsuki_(suit)_(blue_archive),character,102,,
nailkaiser,character,102,,
nameko_(osawari_tantei),character,102,,
natsu_no_aru_koto,copyright,102,,
natsume_(decadence),character,102,,
necdaz91_3d,general,102,,
nikuen,copyright,102,,
nissan_silvia_s15,general,102,,
nonomura_uriko,character,102,,
oh?_you&#039;re_approaching_me?_(meme),general,102,,
pollen,general,102,,
prism_saber_forte,character,102,,
quan_(fire_emblem),character,102,,
re-l_mayer,character,102,,
rectum,general,102,,
red_(dq8),character,102,,
ritz_malheur,character,102,,
rolled-up_newspaper,general,102,,
rubber_suit,general,102,,
sakura_tree,general,102,,
seiten_(queen&#039;s_blade),character,102,,
shading_face,general,102,,
shihoru_(grimgar),character,102,,
shihouin_yuushirou,character,102,,
shirin_bakhtiar,character,102,,
shiunin_sora,character,102,,
shoujo_x_shoujo_x_shoujo,copyright,102,,
snowquill_set_(zelda),general,102,,
spade_cutout,general,102,,
symphony_len,character,102,,
tachibana_akira,character,102,,
tachibana_mei_(jashin-chan_dropkick),character,102,,
takamiya_tsuzuri,character,102,,
teaser_trailer,general,102,,
tommy_(animal_crossing),character,102,,
toujou_ruby,character,102,,
two-faced_lovers_(vocaloid),copyright,102,,
two-sided_horns,general,102,,
two-sided_lovers_(vocaloid),copyright,102,,
type_97_shotgun_(girls&#039;_frontline),character,102,,
uehara_ayaka_(danberu_nan_kiro_moteru?),character,102,,
unown_h,character,102,,
unown_m,character,102,,
volley_gun,general,102,,
wakaokami_wa_shougakusei,copyright,102,,
wooden_deck,general,102,,
after_gangbang,general,101,,
alvitr_(azur_lane),character,101,,
aoi_kiriko,character,101,,
ashina_genichirou,character,101,,
blt,copyright,101,,
boku_ga_incubus_ni_naru_tame_ni_kyou_kara_succubus_to_lesson_shimasu,copyright,101,,
bolgmon,character,101,,
cao_cao_(real_life),character,101,,
capybara_girl,general,101,,
cazador_szarr,character,101,,
cervical_insertion,general,101,,
chloe_lilith_stella,character,101,,
clalaclan_philias,character,101,,
command_&amp;_conquer:_red_alert_2,copyright,101,,
conduit_(apex_legends),character,101,,
daimon_sayuri,character,101,,
dcinside_(website),general,101,,
deathclaw,character,101,,
destroyed_clothing,general,101,,
digital_witch_mayura,character,101,,
dra+koi,copyright,101,,
emi_(fighting_vipers),character,101,,
emma_bessho,character,101,,
evergreen_(fairy_tail),character,101,,
foot_on_another&#039;s_breast,general,101,,
gala_(carmessi),character,101,,
giant_fork,general,101,,
glass_(tate_no_yuusha_no_nariagari),character,101,,
glowing_ears,general,101,,
gran_saga,copyright,101,,
grape_vine,general,101,,
green_arm,general,101,,
gronru_(alchemy_stars),character,101,,
half_squat,general,101,,
hand_on_own_back,general,101,,
heavyblade_rabbit,character,101,,
hide_yoshino,character,101,,
himegoto_union,copyright,101,,
hs.50_(girls&#039;_frontline),character,101,,
ichi_(madan_no_ichi),character,101,,
ikenai_koto_the_animation,copyright,101,,
inuzuka_himari,character,101,,
jane_porter,character,101,,
janghwa_(last_origin),character,101,,
kaede_(guide)_(blue_archive),character,101,,
kajiwara_sora,character,101,,
karakuri_circus,copyright,101,,
katainaka_no_ossan_kensei_ni_naru,copyright,101,,
kawai_mona,character,101,,
kawasumi_saya,character,101,,
kirishima_shouko,character,101,,
kneehighs_pull,general,101,,
koi_kakeru_shin-ai_kanojo,copyright,101,,
lifting_object,general,101,,
lucina_(great_lord)_(fire_emblem),character,101,,
lucy_van_pelt,character,101,,
madonna_(av),copyright,101,,
magahara_desumi,character,101,,
mamiya_marisa,character,101,,
mink_(company),copyright,101,,
monster_prom,copyright,101,,
nah_i&#039;d_win_(meme),general,101,,
nanika_wiz_mayura,character,101,,
nash_latkje,character,101,,
ning_hai_(summer_hunger)_(azur_lane),character,101,,
nishimura_shiori_(kaa-chan_no_tomodachi),character,101,,
noa_(shironeko_project),character,101,,
nozaki_namiko,character,101,,
omaeda_marechiyo,character,101,,
orchestra,general,101,,
partial_squatting,general,101,,
particle-beam_weapon,general,101,,
persona_3_episode_aigis,copyright,101,,
pink_diamond_765,general,101,,
plunderer,copyright,101,,
reversed_foot,general,101,,
ricotta_beldine,character,101,,
rikka_natsu_27,general,101,,
ripe-tan,character,101,,
saa_(girls&#039;_frontline),character,101,,
satomi_(stpri),character,101,,
scrapbook,general,101,,
shichinin_no_online_gamers,copyright,101,,
shima_(pepekekeko),character,101,,
shinomiya_shiori,character,101,,
sjms_school_uniform,general,101,,
sky_child,character,101,,
sly_cooper,character,101,,
snowflake_halo,general,101,,
sorority_squat,general,101,,
soto_no_sekai_wa_kikende_ippai!!,copyright,101,,
stepping_on_breasts,general,101,,
suzakuin_tsubaki,character,101,,
sword_in_mouth,general,101,,
sylpha_(dai_nana_oji),character,101,,
tangled:_the_series,copyright,101,,
tearlaments_havnis,character,101,,
tiko_(trouble_spirit),character,101,,
titania_frost,character,101,,
tokishima_haruto,character,101,,
twice_(boku_no_hero_academia),character,101,,
unworn_ring,general,101,,
unzipped_pants,general,101,,
v-lup,copyright,101,,
vel&#039;koz,character,101,,
viltrumite_group_shot_(meme),general,101,,
vinsmoke_yonji,character,101,,
yamaguchi_tadashi,character,101,,
yorihime_nao,character,101,,
yuit_(queen&#039;s_blade),character,101,,
yulia_valkova,character,101,,
akutabe,character,100,,
amagiri_yune,character,100,,
amano_akari,character,100,,
amano_erika,character,100,,
ancientgarurumon,character,100,,
anitore!_ex,copyright,100,,
ankylomon,character,100,,
anna_florence,character,100,,
aoi_(naomi),character,100,,
apophis_(monster_girl_encyclopedia),character,100,,
atago_(full_moon&#039;s_feral_wolf)_(azur_lane),character,100,,
azurefish,general,100,,
bagramon,character,100,,
beast_(x-men),character,100,,
berezovich_kryuger_(girls&#039;_frontline),character,100,,
blue_boxers,general,100,,
brown_headdress,general,100,,
china_moeka,character,100,,
cloak_lift,general,100,,
clover_ornament,general,100,,
collapsed,general,100,,
cote_d&#039;azur_widowmaker,character,100,,
daut_barret,character,100,,
diablos,character,100,,
dolce_(rune_factory),character,100,,
dosolfachord_coolia,character,100,,
double-stack_magazine,general,100,,
dushevnaya_(girls&#039;_frontline_2),character,100,,
eileen_galvin,character,100,,
ein_(phantom_of_inferno),character,100,,
elis_elotis,character,100,,
enen_no_shouboutai,copyright,100,,
english_translation,general,100,,
eye_in_mouth,general,100,,
franz_liszt_(classicaloid),character,100,,
fujimi_suzu,character,100,,
fujino_mitsuki,character,100,,
fuuka_(naruto),character,100,,
gakuen_3_~karei_naru_etsujoku~,copyright,100,,
gamera_vs._barugon,copyright,100,,
gentlu_(precure),character,100,,
glenn_quagmire,character,100,,
guilty_(company),copyright,100,,
gundam_zeonic_front,copyright,100,,
hamasaki_natsumi,character,100,,
hanabusa_kokoro,character,100,,
hikaru_(houkago_no_pleiades),character,100,,
holsmon,character,100,,
hoshino_(flowery_charms)_(blue_archive),character,100,,
ink_splatter,general,100,,
irumyuui,character,100,,
itsuki_(houkago_no_pleiades),character,100,,
jerez&#039;s_arena,copyright,100,,
jewelry_bonney_(egghead),character,100,,
jk_fuuzoku_gakuensai,copyright,100,,
joshua_(fire_emblem),character,100,,
joy_(red_velvet),character,100,,
kaitou_sentai_lupinranger_vs._keisatsu_sentai_patranger,copyright,100,,
kanabako_misora,character,100,,
kosanae_sasaho,character,100,,
kuou_ria,character,100,,
kurogane_otome,character,100,,
kuroka,character,100,,
kurosawa_dia_(dengeki_g&#039;s_poster_swimsuit),character,100,,
laetitia_(project_moon),character,100,,
langrisser_iii,copyright,100,,
larva_tiamat_(third_ascension)_(fate/grand_order),character,100,,
leonne,character,100,,
li_shuwen_(fate/grand_order),character,100,,
licking_own_foot,general,100,,
licking_paw,general,100,,
lin_hu_(nekojishi),character,100,,
long_torso,general,100,,
lunging,general,100,,
lusamine_(sygna_suit)_(pokemon),character,100,,
machgaogamon,character,100,,
makishima_yuusuke,character,100,,
manami_kiryuu,character,100,,
maou_to_ore_no_hangyakuki,copyright,100,,
maxima_sakuya_enfield,character,100,,
mayuri_(date_a_live),character,100,,
memory_(identity_v),character,100,,
mihai_kehlmann,character,100,,
miki_(senran_kagura),character,100,,
mirin_(granblue_fantasy),character,100,,
mishina_eikichi,character,100,,
mismatched_pasties,general,100,,
mountain_of_smiling_bodies,character,100,,
nandi_(puchirisu),character,100,,
natsumi_hamasaki,character,100,,
necktie_aside,general,100,,
nice_nature_(converging_wishes)_(umamusume),character,100,,
niijima_ibuki,character,100,,
nike_(mahoujin_guruguru),character,100,,
nikuyome,copyright,100,,
ogata_rina,character,100,,
one_piece:_pirate_warriors,copyright,100,,
ore_ga_hitozuma_to_yatta_hanashi_-_oretsuma_-,copyright,100,,
penmon,character,100,,
qinglongmon,character,100,,
queequeg_(project_moon),character,100,,
re:d_cherish,copyright,100,,
regene_regetta,character,100,,
reika_(dream_c_club),character,100,,
rey_za_burrel,character,100,,
rose_(ohayousan_084),character,100,,
rosetta_passel,character,100,,
sakigake_generation!,copyright,100,,
search_bar,general,100,,
sei_brunehilde_gakuen_shoujo_kishidan_to_junpaku_no_panty_~kacchuu_ojou-sama_no_zecchou_omorashi~,copyright,100,,
seiten_ragnarok,copyright,100,,
seri_(zankuro),character,100,,
setsuka,character,100,,
shen_bing_kids,copyright,100,,
shuriken_sentai_ninninger,copyright,100,,
shuten_order,copyright,100,,
somersault,general,100,,
sumimi_(bang_dream!),general,100,,
suppressor_focus,general,100,,
suwa_nanaka,character,100,,
the_return_of_godzilla,copyright,100,,
tiz_arrior,character,100,,
tongue_pull,general,100,,
toriko_no_tsubasa_~butaiura_de_midara_ni_odoru_shojo_ningyou~,copyright,100,,
trisha_elric,character,100,,
trixie_tang,character,100,,
two_(tsu_(lovesick1964)),character,100,,
virginia_(unicorn_overlord),character,100,,
wa2000_(op._manta_ray)_(girls&#039;_frontline),character,100,,
waist_tassel,general,100,,
wanko_to_kurasou,copyright,100,,
watanabe_akane,character,100,,
white_eyepatch,general,100,,
whitney_(animal_crossing),character,100,,
wooden_porch,general,100,,
xue_baochai_(project_moon),character,100,,
yakata:_kannou_kitan,copyright,100,,
yamifuka-san_(hoshi_san_3),character,100,,
yarmon,character,100,,
yukiagumon,character,100,,
yuphie_(taimanin),character,100,,
yuudachi_(shogun_of_snowballs)_(azur_lane),character,100,,
yuuji_endou,character,100,,
zettai_ryouiki_sex_royale!!,copyright,100,,
